s1,s2,s3,s4,s5,s6,내용
.,.,"나의 지난 일들을 되돌아보고, 향후 더욱 보완할 수 있는 시간이 되었음","성과 설정시 담당자와의 충분한 교감 및 논의를 통한 성과목표 설정필요, 면담시 업무에 대한 질책이나 추궁이 아닌 함께 해결할수 있는 방향에 대한 코칭을 하는 방식으로 면담방식 개선이 필요",.,.,.
.,"상부로부터의 지시에 따른 현안 업무 처리로 도민이 체감할 수 있는 정책을 만들기 위한 시간 부족(업무피로도, 업무 고민에 대한 시간 부족 등)",부서장이 업무에 대해 함께 고민해주고 방향을 제시해주어서 좋았음  ,평소에 자연스럽게 업무관련 애로를 부서장과 얘기할 수 있는 문화 만들기 필요. 평소에 커피타임에 잡담하지 말고 업무관련해서 어떻게 하면 더 잘할 건지 이런 얘기하면 좋겠음. 지금은 인사과에서 성과면담하라고 쪼으면 갑자기 부서원들에게 할당하듯이 부서장과 면담잡고 이런 분위기임. 부담스럽고 형식적인 얘기만 하게 됨. 성과면담 체크리스트도 꼭 그런거 다 물어봐야 하는지 의문임. 부서장에게 너무 개인 사생활정보 말해야 하는 체크리스트라고 생각.  ,업무가로채기가 없으면 좋겠음. ,고시출신이면 인성과 무관하게 우대받는 조직문화. ,인사는 현재 연공서열이 가장 옳다고 봄. 그리고 세 개씩 답변하게 해서 객관식 문항 전부가 문제인거처럼 인식됨. 
. ,. ,.,"직원이 더 열심히 일을 잘 할 수 있도록 격려하고 어려운 점을 지원해주는 방향으로 운영되도록 해야 함
(지금은 무슨 일을 했는지를 물어보는 내용이 중심임)",성과 관리에 실질적으로 도움을 줄수있는 간부공무원의 코칭기술 등의 교육훈련이 먼저 선행되어야할것임,"근평라는것 자체가 사람이 하는것인지라 모두를 만족시킬수는 없겠으나 다수가 인정할수 있는 근평이나 전보가 되기위해선 공개가 필요하다고 생각됩니다. 현재, 인사관련 정보등은 아무정보도 공개되지않으므로 그에대한 불만이 많은것같습니다. 다수가 납득할수 있는 기준을 공개해준다면 좋겠습니다.","본인의 역량이 높은 분야는 어딘지에 대한 조사 및 분석을 통해 적소적재적재의 전보가 가능할것같습니다. 특히, 행정직의 경우, 전혀다른 성격의 업무를 접하게되는데 개인의 성향과 역량에 따라 더 많은 성과를 낼수 있는 분야가 있을거라생각합니다. 그러한 점도 고려하여 전보해주면 좋을것같습니다."
각자가 수행하고있는 업무에 대한 확실한 숙지와 수요자에 대한 홍보 방법에 대한 교육훈련 및 지원 필요,모든 업무에 고객 소통 플랫폼 만드는 게 답은 아니라고 생각함. 내부관리 등 업무성격에 따라서는 필요없을 수 있다고 생각함. 앞으로 모든 실과에 소통플랫폼 만들라고 할까봐 걱정됨. 도민의견수렴도 중요하지만 모든 실과에 부담이 되는 방식은 지양해주면 좋겠음.,자신이 무엇에 대한 성과를 이루었는지 다시 한번 생각하게 함,부서장이 부서 전반에 대한 업무는 이해하고 있을지 모르지만 세세한 내용까지는 모르는 상황에서 성과에 대한 짧은 면담으로 업무를 근평하는것은 한계가 있음.,"성과근평 어차피 할거면서 자꾸 성과관리와 근평이 다르다고 말하는 게 뭔지 모르겠음. 법령 상 어쩔 수 없이 성과근평을 해야한다면, 성과관리가 별도라고 말하지 말고 성과관리와 성과근평을 물흐르듯이 연계시켜놓아야 함. 공무원은 어쨌든 공식적 제도에 따라갈 수 밖에 없기 때문에 성과근평이 있는 이상 성과관리는 성과근평의 일환으로 되어야지 별도인 것처럼 하면 업무만 2배된다고 생각함. ",근평제도의 성과관리와 연계성 부족,내게 적용되는 인사제도는 무엇이 있는지 리스트 좀 알고 싶음. 오늘 이 설문을 하면서 새롭게 알게 된 제도도 있음. 그만큼 우리 도는 인사제도 등에 변화가 생겨도 안 알려줌. 비공개 때문에 불신이 커지는 것임. 인사 관련 제도 변경있으면 공개 잘하고 어떤 점을 왜 수정한 건지 잘 설명해주면 좋겠음.
직원들의 업무 부담이 최소화 될 수 있는 플랫폼 설계 필요,"체감의 수준이 주관적임. 
",자연스러운 대화가 되는 것이 좋음,.,"일부 변화가 있지만, 옛스러움을 고집하는 분도 많음. 지시사항 위주로 많은게 진행됨. 어려움. 
업무과정의 역량을 지원하는 활동을 받지 못하는 경우가 많음. 즉, 성과관리 취지, 목적달성이 제대로 되지않는 것 같음","전보와 전보·전보·보직에 있어 공무원도 전문성에 대한 고려가 되어야하나
지금은 어떻 인맥 등이 좌우하는 것으로 판단됨","인사를 함에 있어 원칙,기준을 지켜서 추진하기 어려움이 있음을 알고 있음. 하지만, 이것이 최대한 지켜질수 있도록 노력은 되어야 함. 
또한, 양자간, 혹은 삼자간 자리바꾸기 형태의 인사판은 나오지 않았음 함. (그러면 너무 그냥 성의없이 인사한 것 같아보임)"
"직원 업무에 필요한 정보와 자료에 대한 설문 이후 
이에 대한 교육훈련과 지원이 필요함",도민이 제시하는 의견등을 적극적으로 수용할 수 있는 제도 마련,상호 소통할수 있다,성과계획 작성이 구체적이지 않아 성과면담시 도움이 되지않음,부서장이 직원들에게 성과를 잘 낼 수 있도록 지원하는 리더십을 함양하도록 교육훈련하는 것,#NAME?,완벽한 인사관리는 없을 것이고 공직사회에서 지속적으로 보완하여 추진하고 있는 현행 인사제도이므로 완전히 새로운 제도를 도입함으로써 선의의 피해자가 생기지 않도록 고려하여 추진할 필요가 있음.
"1. 일단 내 업무 관련 고객이 누구인지 명확히 정의해 줄 필요. 내가 임의적으로 소통대상 고객들을 설정하기 부담스러움.
2. 고객이 정해지면 고객 특성별 맞춤형으로 어떤 소통 플랫폼이 효과적인지 컨설팅 해주면 좋겠음. 내 고객이 20대면 인스타 등 SNS 홍보가 적절할 거 같고, 노인층이면 솔직히SNS 홍보는 소용없을 거 같음. 이처럼 고객 타겟별로 어떤 소통방법이 효과적일지 컨설팅 지원 필요
",도민 또는 관련 단체와의 정례적인 소통채널 운영,소통활로 확보,.,"장기과제와 단기과제로 나누어 성과관리 필요, 도민이 체감하는 성과도출은 단기간내에 어려움. 이를 보완하기 위한 과정상의 단기과제의 성과로 측정하고 일정기간 경과후 최종 목표하는 성과 달성하는 체계도 필요함   ","전보와 관련하여서는 일관성이 부족함. 나는 안되고 너는 되고.. 이런 느낌이 많음.
개인의 절박함보다는 외부 압박으로 전보가 이루어지는 게 다반사임","고생이 많으십니다. 방향을 어떻게 잡는지와 무관하게 많은 구성원들로부터 큰 비난을 듣는다는 점에서 인사관리는 교육훈련정책과 굉장히 유사한 성격을 가지고 있다고 생각합니다. 어떤 정책이든 승자와 패자는 존재하지만, 위 두 사안은 패자들이 타 정책에 비해 상대적으로 더 많이 나오는데서 그런 것이 아닐까 생각해봅니다.
최대한 승자독식이 되지 않고 패자가 배려 받을 수 있도록 정책을 설계해주셨으면 합니다. 물론 불가능에 가깝다는 점은 알고 있으나, 인사관리의 지향점은 거기에 있어야 되지 않나 생각합니다.
두서없는 글 읽어주셔서 감사합니다."
교육훈련이 또 필요할까요? ,원론적인 논쟁이나 토론이 보다는 도민이 체감할 수 있는 시책과 정책을 발굴하여 신속히 시행함이 성과도출이 됨,자신의 업무추진 보완의 기회가 됨 ,성과 자체를 정량적으로 근평하기가 쉽지 않고 직원들 개인의 업무에 대해서는 면담등을 통한 소통이 필요할 것 같음,현재 도정은 성과관리가 어떻게 운영되어야 하는지에 대한 고민 보다는 '어떻게 보여지는지'에 대해 더 고민하고 있는 것으로 보임. 소위 이쁘게 꾸미는 것에만 관심을 두고 내실을 어떻게 다질지에 대한 고민은 소홀한 것이 아닌지에 대한 반성이 필요하다고 생각함. 단적인 예로 성과지표의 경우 정책 대상자인 도민도 중요하지만 정책을 수행하는 '담당자의 의견'이 가장 중요하지 않을까? 현재 성과지표는 어떻게 하면 윗분들이나 정보가 별로 없는 도민이 보기에 그럴듯해 보일까를 고민하고 있는 것으로 밖에 안보임.,개인별 역량에 따른 근평,"현재의 인사관리는 공개보다는 비공개가 많은 상황으로 인사부서 및 담당자에 의한 장난(?)이 가능한 상황이라고 생각함.
공개평정으로 개인별 약점 및 강점을 인식하게하고 성과를 기초로하는 근평제도 정착이 필요함. 이렇게 해야만 일부에게 남아있는 연공서열이나 자리에 의한 평정 및 승진에 대한 망상을 깨트릴 수 있음.
또한, 승진관련해서는 대상권에 포함되는 인원은 개인별 여러 근평요소에 대한 결과를 그룹화하여 구간별 위치 등으로 수치화(객관화) 및 최소의 비공개 사항을 제외한 최대한의 정보를 대상자에게 공개하여 사후 결과에 대해 승복할 수 있는 여건을 보장해야함. 승진결과도 기관장 결재이전까지는 공개되지 못하도록 대책이 강구되어하며, 승진자 발표시 심사위원과 심사평 등을 동시에 공개하여 위원들이 공정하고 객관적으로 심사를 할 수 있도록 보장하고 비선자들이 다음 승진을 위해 어떤 부족한 점을 보완소요에 대한 방향설정이 가능하도록 제도적인 보완이 필요함."
업무연찬회 등으로 공유,"도민이 '체감'하려면 도정이 '무엇'을 하고 있는지 도민이 알고 있어야 한다는 전제가 필요
통상적인 홍보수단인 보도자료 뿐만 아니라 새롭게 떠오르는 플랫폼을 활용한 적극적인 홍보도 중요하다고 생각함(ex. 유튜브)

현재 경남도 유튜브 채널이 있는 것으로 알고 있는데, 이 채널에 도정 테마별(산업, 경제, 문화 등)로 알기 쉽게 정책을 설명하고, 정책이 적용된 예를 소개하는 동영상을 '재미있게' 만들어보는건 어떨지?

","성과면담제도를 통해 부서장과 현재 자신이 맡은 업무의 진행상황, 업무 수행에 있어서 애로사항 등을 다소 허심탄회하게 이야기할 수 있었음. 딱딱한 조직분위기나 문화 속에서 이런 제도가 시행된 점 자체에 높은 점수를 주고 싶음. ",형식적인 성과면담 보다는 각 개인별 적정한 업무분장이 더 필요하다고 생각됨,개인 및 부서 근평은 연계성이 확보되지 않으면 업무추진의 추동력이 현저히 떨어질 수 있음. 하지만 현행 성과관리제도는 연봉제 등과 연계되는 한계로 성과를 결정하고 추진계획을 수립하는 기형적인 모습으로 남아있음.,선호부서·보직은 인맥 또는 한번 갔던 사람만 가는 연공서열,많은 노력을 하는 것은 돋보이나 홍보를 많이 했으면 좋겠습니다.
정책소통플랫폼 전담 인력 확보,"성과위주 업무 추진은 필요성은 공감하지만 일반 사기업체의 이익창출과정처럼 성과에 급급한 추진은 지양되어야함.
행정기관과 공무원은 법과 규정의 테두리 안에서 업무를 수행하며, 그 결과에 대해 권한과 책임을 수반함. 따라서 이러한 제도적 한계를 미고려한 성과위주의 업무처리가 최선의 선택은 아니라고 봄.","부서장이 직접 성과면담을 한 사례는 도청 근무 20년 동안 처음 있었던 일이며
상담내용이 성과근평에 일부 반영 됨을 느꼈을 때 매우 좋았음",부서장의 적극성 부족 및 마인드 의식 필요,"제로베이스에 시작하는 성과관리도 필요하다고 생각됩니다.

법정 업무를 성과관리 한다는 건 다소 무리가 있으니

그 중에서 개선할 부분을 더 찾으면 좋겠습니다.","자신의 성과에 대한 공정·공평 보상을 받고 조직을 신뢰할 수 있는 성과급 근평제도로 바뀌어야 함.
성과급의 의미없는 등급구분을 4개에서 3개(탁월, 보통, 미흡)로 완화하고,
근평결과는 등급이 아니라 자신이 성과를 더 잘 내기 위해 어떻게 일을 해야하는지를 알려주는 피드백이 있어야 함
",.
"1. 정책소통방법 교육훈련
2. 블로그 등 SNS 운영방법 교육훈련","도민이 원하는건 너무나 다양하고 관공서에 관심이 없기 때문에

큰 이슈 위주로 유튜브 채널을 활용햇으면 합니다.

뻥뻥 터지는 정책은 도지사남의 힘이 필요합니다","개인의 업무처리상 고민, 고충 등의 상담으로 업무처리 원활","성과 면담은 불필요합니다.
직원이 계획해둔 업무를 추진하다 곤란한 사항에 처해지면 그때그때 부서장과 의논하여 좋은 귀결점을 찾으면 된다고 생각합니다.
성과 면담이라는 명시적인 항목은 또 하나의 불필요한 업무로 자리매김 하는듯 합니다만....",.,"열심히 조직을 위해 일하고 성과를 낸 사람이 먼저 승진한다고 느낄 수 있는 인사
",민간과 원활한 소통을 할 수 있는 민간 교육훈련지원체계 마련
"정책소통플랫폼 모듈 구축하고 그것이 이용, 운영, 활용하는 교육훈련",.,업무 추진상의 애로사항 공유 및 해결방안 마련의 계기,"ㅇ 성과면담제도 불표요함

ㅇ 인사관리시스템 개선이 필요",성과관의활성화 도모,"상시학습 등 자기개발을 위한 교육훈련훈련을 직원 입장에서 활용할 여유가 없는 것이 현실임. 전문성이 점점 중요해지고 있는 공직사회에서 인사운영은 여전히 순환전보·보직으로 이루어지고 있으므로 교육훈련훈련의 방향성을 한번 고민해보는 것은 어떨지?

절대적인 교육훈련훈련시간의 확보를 위한 직무분석 선행(기피·격무부서에 직원을 더 전보·전보·보직하여 다소 업무에 여유를 가질 수 있도록 배려)
교육훈련훈련 방향 : 현재 자신이 수행하고 있는 전보·보직과 관련한 지식을 습득할 수 있도록 교육훈련훈련 편성
현행 교육훈련훈련 의무시간 편성(ex. 성평등 교육훈련 의무 등)은 그렇게 큰 의미가 있다고 보여지지 않음. 매년 같은 내용을 들을 뿐임.",전보시 기준을 반영한 인사를 시행하여 직원간 불신을 제거
"1. 효과적인 홍보방안에 관한 교육훈련
2. (특히 사업부서의 경우) 장기적으로 부서별로 특화된 소통담당직원 지원이 있다면 좋지 않을지?
","1. 상시적인 정책 이슈사업 발굴 및 반영 시스템 구축
- 예산 편성시 짧은 기간동안에 의무적 정책발굴을 강요하기 보다는 상시적으로 정책을 발굴하여 도정에 반영하되 도민, 관련 전문가 등이 참여한
   사전 의견수렴 필요
2. 신규 정책 발굴 이후 관리체계 구축
  - 신규 정책 반영 당시에는 그러한 정책이 필요했으나, 이후 여건 변화로 인해 필요성이 낮은 경우 등에 대한 근평체계 도입",평소 기회가 적은 부서장과의 대화 ,피근평자는 대면면담에 부담을 가지고 있어 온택트 성과면담 시스템 개발 필요,지금의 성과 근평은 부서장과 상급자들만의 근평과만 연결되고 하급직급의 각 개인의 근무근평과 일치되어 연결되는 것이 보여지지 않음. ,"인사제도는 구성원들이 공개하고 공감할 수 있어야함. 하지만 역량과 성과보다는 연공서열 및 자리에 연연하는 인사로 인해 전혀 공감할 수가 없음. 즉, 역량과 무관하게 승진자리에 전보·보직되면 당해 또는 다음인사에서 승진한다는 인식이 강하게 남아있는 현 인사관리체계에서는 개인의 역량계발이나 업무수행역량 향상을 기대하기 어려움.
예로, 승진과 관련하여 승진심사위원회를 구성하지만 누가 위원이었으며, 어떤것에 중점을 두고 심사를 했는지를 모르는 현상황에서 심사대상권에 포함되는 당사자는 다음 심사를 위해 어떤 준비와 보완을 해야하는지 모르는 상황이므로 결국 자리에 연연하게 되는 것임. 청탁 등의 인사비리 예방이 목적이라면 승진심사 결과 발표 시 심사위원들을 공개하고 개인별 심사소감을 공개하면 좋을 것 같음. 또한 척결해야할 문제점으로는 심사결과 발표이전에 그 결과가 알음알음 비공개적으로 사전에 새어 나가는 문제가 종종 발생하는데 이것은 인사부서의 100% 책임이라고 생각함. 근절해야할 최대 문제점임",인사관리제도에 공개가 가능한 부분은 공개를 통해서 구성원들의 공감을 얻어야 함께 하는 인사관리가 될 것입니다.
직무수행에 대한 전문성 함양(잦은 인사이동과 업무경험 및 역량을 무시한 인사제도 개선),도민이 체감하는 성과를 위해서는 도민이 정책에 직접 참여하는 과정 필요,직원과 평상시 소통과 이해를 하면서 자연스럽게 묻고 의견 듣는 과정이 좋았습니다 ,구체적인 성과에 대한 피드백이 구체적으로 이뤄졌으면 합니다.,"성과를 측정할 수 있는 업무와 없는 업무, 곤란한 업무 등이 있을 것인데 이에 따른 유형별 성과관리제도 마련이 필요할 것임.",임기제가 너무 많음,.
"플랫폼 활용이 귀찮고 힘든 일이 되지 않게 홍보관련 직원 인센티브를 적극 제공하고
교육훈련은 실제 활용사례와 유용성을 간부교육훈련때 활용 ","온라인 상의 사업별 기획단계부터 도민 정책 방향, 건의 및 제안 등 참여 과정이 필요함",성과에 대한 고민을 상사와 직원이 함께 하였음,"업무를 벗어난 목표도 설정하고 근평하는 제도 필요
담당업무를 완벽히 수행해야 성과가 나오는 것이 아님
- 예) 성과목표 : 업무 관계 기업들 면담 20회 하겠다 ",.,1. 부서간 업무협조를 하다보면 서로 부서가 바껴도 매번 마주치는 직원들이 많음(일 좀 한다 싶음 계속 유사한 부서로 전보됨),"인맥, 인맥에 얽메이지 않고 공정하되 오래된 연공서열의 공무원이 진급을 못하는 경우가 없도록 다소 배려가 필요하다고 봄-일시적으로 선호부서·보직 및 기회를 잡은 업무로 성과거양으로 진급하는 케이스는 잘 검토가 필요함 "
소통에 적극적으로 임하는 자세,도민들이 건의한다고 다 들어 줄 수는 없으니 위원회를 통한 충분한 검토 및 결정이 필요,성과에 대한 이러한 과정으로 상담을 할 수있는게 필요,"성과면담을 아직 해본적이 없으며, 
성과위주의 업무추진만 요구한다면 성과가 나오지 않는 일상업무나 서무 업무 등에 소홀해 질수 있으며, 
직원간에도 개인주의에 더 빠질수 있으므로 보완이 필요함",업무(정책)추진 과장에서 서로간의 소통이 필수. 실행가능한 성과 계획 수립 등을 위한 다양한 의견 수렴등이 필요함,"전보제한2년2년 준수 요망(예, 2~3년 이내에 2~3번 전보 및 전보예외 대상 등) ",특별한 사유가 없이 행정직 자리 보전만을 위한 복수직 전보·보직을 기술직렬 전보·보직으로 변경 필요
.,.,개인의 성과에 대해 자세하게 안내하고 상사가 원하는 방향에 맞추기 위해 노력,"연공서열 중심의 관료조직내에서 성과관리에 대한 각종 시책이 만들어 지고는 있으나 대부분 형식적이고 소모적이라고 판단됨.
각 개개인 일률적인 성과관리는 없애고, 본인 추진업무에 대한 성과가 있다고 판단되면 직접 본인이 성과보고서를 만들어 성과관리위원회 등의 심사 또는 근평을 받도록 했음함, 우수성과자에 대해서는 승진가점, 호봉승진, 성과금 S등급, 희망전보전보 발령 등 인센티브 부여 ","공무원의 성과 관리는 자동차 판매 영업사원의 구체적인 확정된 내용처럼 되기가 어렵기 때문에 직렬별 비교하기가 어렵고 업무내용을 계량화하여 순위를 매기기가 어려운데 선호부서·보직만 우위하고 주변 부서는 아예 취급을 안함, 집행하는 부서의 우의에 의하여 진행되어 특수 직렬만 승승장구하고 기술직렬은 손해를 볼 수 있음",투명 전보·전보·보직 : 5급이하 전보제한2년 예외없이 전보제한2년2년 기준 준수,"직렬 및 직급별 승진소요 연수가 차이가 많이 나서 상대적 박탈감, 소외지수가 높음
 - 정기인사 시 직렬 및 직급별 승진소요 연수 업무관리시스템에 공개"
직급별로 승진자 교육훈련과정에 정책소통과 관련한 교육훈련과정 반영,성과를 중장기적인 사업과 단기적인 사업을 구분하여 도민들과 쉽게 소통하고 참여할수 있는 장을 만드는 것,"고충상담, 교감",성과면담의 의미가 없다. 성과면담시 이에 대한 신뢰가 형성되지 않은 상태에서는 이 상담은 의미가 없다고 판단된다.,"성과관리 제도는 개인별로 업무분장이 적정하다는 것을 전제로 시행하고 있는 것으로 생각되나 현재는 우리도 업무분장 연공서열을 볼 때 적정한 분장이 이루어 지지 않는 것 같음
따라서 각 개인별로 적정한 성과를 내기 위한 업무분장이 제대로 되고 있는지부터 검토할 필요가 있다고 생각됨. ",다양한 업무경험을 할 수 있는 폭넓은 전보 필요 ,"사람은 상대적이며, 사람의 역량은 환경에 따라 역량을 맘껏 발휘할 수도 수축될 수도 있습니다.
전보 대상자 본인의 의견이 최 우선으로 하고 상사가 아닌 동급 직원들의 의견 수렴을 감안하여 전보인사를 했으면 합니다"
정책소통플랫폼을 통해 드러난 현장문제 해결에 적극적으로 나설 수 있도록 부서 및 상사의 적극적인 지원 및 협조 ,"장기적 성과와 단기적 성과가 있을 수 있겠으나 급하게 추진해서 성과를 낼 경우, 성과 목표를 시행가능한것을 적정한 것을 선정 시행","부족한 부분에 대한 지적보다는 따스한 말로 칭찬과 격려를 해주셨던 점
","성과면담이란 하늘에 뜬 구름일 뿐. 이미 20년 전에 성과근평과 그에 연동한 연봉제를 도입한 기업에서도 제대로 된 성과근평은 하지 못하고, 결국 호봉제 월급의 성격을 반영한 급여체계로 회귀했음. 지금 추진하는 '성과' 관련된 제도가 의도하는 효과를 행정영역에서 실현가능하다고 생각한다면, '행알못'인 것.",구태여 성과면담이라는 명칭을 사용하지 않더라도 부서장은 언제나 부서원의 업무추진상항을 지켜보다 미진한 부분은 부모의 입장에서 같이 헤쳐나가면 된다고 생각합니다.,근평 평정제도로서 업무를 성과중심으로 근평될수 있도록 개량화 필요,자신의 업무를 묵묵히 최선을 다하는 직원들이 더 열심히 일할 수 있는 인사관리제도를 만들어 주세요.
정책과 고객의 소통문제,"도민의 의견을 정책에 반영하는 것도 중요하지만 그로 인하여 생기는 폐해도 있음으로 적정한 참여 수준 또는 방법에 대한 심도 있는 검토가 필요함.
*폐해예시
 - 순수한 도민의 의견보다는 이권단체의 이익을 위한 정책이 될 수 있음
 - 다양한 의견을 모두 반영하려다 보면 의사 결정이 되지 않거나 애초 정책목적과 전혀 다른 결론 도출",.,성과관리 제도의 구체적이고 체계적인 근평지표 마련 필요,"ㅇ 성과면담은 개인 고충이나 성과를 근평하고 있지만 형식에 불가

","인사관리 전반의 과정이 투명하게 공개되지 못하고 있음. 근평, 전보, 승진등 인사결정후에는 당초 세웠던 기준의 예외사항등은 사유를 공개하여야 할 것입니다.","ㅇ 인사는 어떤 방법으로 운영하던 직원들의 불만이 있는 것 같습니다.
ㅇ 하지만 공감할 수 있는 시스템이 반드시 필요하다 봅니다.
ㅇ 묵묵히 일하는 직원들이 상처받지 않고 일할 수 있는 분위기를 만들어 가는 것이 혁식이라 생각합니다.
   "
정책 기획과 홍보 과정,도민 체감에만 집중하기 보다는 모든 업무를 공정하고 공평하고 누구나 고개를 끄덕일 수 있다면 도민체감 지수는 자연스럽게 서서히 상승할듯 합니다.,소통,"성과면담 제도의 취지는 공감합니다. 그러나 실제적인 성과목표 설정 성과를 이루기 위한 노력 그리고 피드백할 수 있는
장치 마련이 필요하다고 생각합니다.
",없음,성과급을 결정하는 방식은 다면근평 결과에 따르는데 사실상 잘 모르는 직원을 근평하기는 어려움.(정보 부족),없음
플랫폼을 전담 모니터링하는 직원을 지정 운영이 필요,도민과의 소통할 수 있는 기회가 연간 정기적으로 있을 수 있도록 마련,독립된 장소에서 사담을 통한 편안한 분위기 우선 조성으로 효과적인 성과면담 시행,"성과면담제도를 계속 시행하고 있지만, 이게 무슨 의미가 있냐는 생각을 함
불필요한 절차만 하나 더했졌다는 생각임.
완전히 필요없음",별도 없습니다.,.,별도 없습니다.
.,"ㅇ 엄마가 행복해야 가정이 행복하다는 말이 있습니다.

ㅇ 공무원이 일할 수 있는 분위기가 자연스럽게 만들어 진다면 도민의 대한 서비가 자동적으로 높아질 것이며 도민의 행복 체감지수는 높아질 것입니다.

ㅇ 먼저 공무원이 성과를 낼 수 있는 분위기 조성이 필요함",나의 현재의 상황과 앞으로 나아가야 할 방향을 알게되었음,상급자와 하급자간의 자유로운 면담분위기 조성 필요,"조직과 개인의 발전에 별 도움이 되지 않는다 생각
각 개개인 일률적인 성과관리는 없애고, 본인 추진업무에 대한 성과가 있다고 판단되면 직접 본인이 성과보고서를 만들어 성과관리위원회 등의 심사 또는 근평을 받도록 했음함, 우수성과자에 대해서는 승진가점, 호봉승진, 성과금 S등급, 희망전보전보 발령 등 인센티브 부여 ","전보 전보·전보·보직제도: 업무량은 각각 부서 고유 업무에 따라 거의 유사하나 사업부서와 지원부서간의 업무 선호도의 차이(근평 관련)로 지원부서로 선호하고
전보·보직(주무과·주무계 등)이 승진과 연계되는 점이 있어 이런 문제점 해결을 위해 부서별 성과관리로 근평순위를 인사과에서 순위를 매기는 방법","근평, 전보 등 인사는 어느 업무보다도 객관적으로 이루어져야만 상대적 박탈감이 없을 것이며,
그러기 위해서는 자신의 현위치를 정확하게 알고 있어야 결과에 대해 이해가 될 것이기 때문에
개인의 현위치에 대한 공개해주는 것도 중요할 것임"
"우선 정책(업무)에 대한 이해, 업무 추진 마인드 향상",청년 등 특정인을 강조하지 않는 보편적 대상에 대한 기존 사업 지속 추진(기존사업 축소로 인한 반발),부서장이 나의 업무에 대해 관심을 가지고 알고 있다는 사실이 좋았음,"성과 면담은 조직구성원 모두에게 동일한 기준을 적용시켜야 하며, 상호 존중 배려속에 소통되어야 함",정기적인 성과면담보다는 수시로 부서장과 소속직원들간의 소통(회식 등)을 할 수 있도록 부서내 분위기 조성,특별한 성과의 결과도 없으면서 성과급을 집행하는 부서에서 우위를 점령 혜택을 봄   ,"특별한 성과자(신규정책, 사업 등 제안으로 국비 1000억 이상 확보, 지역발전이나 경제활성화 등 가시적인 성과자)에 대한 인센티브(특별승진, 호봉승진 등) 대폭 강화"
#NAME?,"도민이 알기쉽고, 직접 이익되는 사업과 체감을 내기위한 기반이 되는 사업을 구분하여 성과 측정이 필요함",부서장이 공적을 판단하기 때문에 과장된 성과로 포장하지 않음,근평 등으로 일원화 필요,.,"ㅇ 교육훈련훈련-각 개인이 필요한 교육훈련보다는 필수 법정교육훈련 이수, 승진을 위한 교육훈련점수 충족 등 교육훈련을 위한 교육훈련이 너무 많음
ㅇ 임기제 임용제도(개방형 포함)-임기제 임용 필요성에 대한 면밀한 검토 필요
",인사관리제도에 대한 제안 및 건의 의견 없음.
보고를 위한 보고가 직원들의 업무를 가중 시키듯이 정책소통플랫폼만을 위한 일로 직원들의 업무부담을 가중시키지 않도록 플랫폼 설계시 면밀한 검토 필요,정책관리로 인해 업무가 가중되지 않도록 가능하면 심플하게 관리가 되었으면 좋겠습니다. ,소통의 장,겉으로 드러나는 성과를 가지고 근평하는건 맞지않음,"괜히 성과관리, 성과 중심, 이런다고 안 그래도 일 많은데 더 일 많아지게 들쑤시지 말고, 자기 할 일 딱딱 알아서 할 수 있게 해주고, 그에 대한 근평은 간부급 이상에서 외부의견 수렴.통합해서 업무 목표 설정 및 지시 과정에서 업무 방향으로 반영되게끔 하면 되는 것. Simple is the best.","중앙부서 인사인사교류, 인사인사교류 확대하여 승진기회 제공
(ex 철도, 공항, 조선, 도로, 하천, 도시계획분야) ",.
"모여서 토론 위주 보다는 벤치마킹과 교육훈련을 병행 필요, 적극적인 예산 지원 등","실무부서 인력, 예산 대폭확대, 지원부서 대폭 축소, 명확하고 알기쉬운 업무지시와 정책추진 ",..,.,"성과관리 제도 및 새로운 정책 추진을 위해서는 승진과 함께할 수 밖에 없다고 생각합니다.
공무원이라는 직장은 명예도 금전적익 혜택도 아니고 오로지 승진으로 보상을 받습니다.
승진이라는 확실한 인센티브만이 우수한 성과를 도출할 수 있다고 생각합니다.",공정·공평 인사를 기대하는 것이 그 이유입니다.,"근평이나 인사 관련 규정이나 지침을 재 정비할 필요는 있다. 하지만 잘못된 연공서열을 고치기 위해 선의의 피해자가 생기지 않도록 이에 대한 직원들의 의견 수렴이 필요하다. 다수의 사람들이 규정에 오류가 있다면 이에 대해서 인사과에서는 적극적으로 수정해야 한다고 생각한다.

근평이나 인사 관련한 이의신청은 인사과에서 접수해서는 안된다. 이원적으로 운영해야 신청자들의 부담을 조금은 줄일 수 있을 것이라 생각한다."
"직원에 대한 교육훈련이 필요한 것이 아니라 업무유형이 자연스럽게 변화되어가면 가능하지 않을까요
",5번 설문답변내용과 같은 맥락으로 직원들 개인별 관심사 등을 파악하여 정책제언 등 관심 유도,업무 적용에 도움이 되었습니다,개개인의 성과면담이 업무 지시로 연장되는 경우 발생,"현재의 성과관리는 도민을 위한 것이 아니라 보여주기 위한 데이터 축적과 홍보용임
직원들을 힘들게하는 요식행위 임, 폐지을 희망전보함","업무에 대한 직원의 몰입과 헌신은 진정 본인이 하고싶은 일을 하고 성과를 낼때 임. 또한, 본인의 업무를 올바르고 제대로 실행하기 위해서는 지속적인 학습이 필요하다고 생각","무역량자를 규정하려기보다는, 어떻게든 일 안하고, 남에게 일 떠넘기고, 그럼에도 챙길 건 다 챙기려는 그런 사람만 솎아내도 정말 많이 좋아질 것임."
인간관리 및 소통관련 교육훈련,.,"추진중 업무나, 어려운 점 등에 대한 질문을 하시고, 관심가지고 파악하고 계시다고 느껴져 좋았습니다.",단순 시행 자체에만 초점이 맞춰져 요식행위의 느낌임,성과관리의 투명 제고 방안이 추가 되어야 함,"ㅇ 현재 인사시스템은 1차 실국에서 근평하고 그 결과의 객관성 판단을 검증할 수 없는 시스템으로 이루어 지고 있습니다

ㅇ 인사과에서는 실국근평 내용을 그대로 적용하는 불합리한 시스템으로 이루어 지다 보니 소외받는 직원들의 불평 불만은 해결할 수 없는 것 같습니다.

ㅇ 실국장 근평도 중요하지만 객관성 있는 근평이 될 수 있도록 고민을 했음 합니다. 
",현재의 절차와는 완전히 다른 체계로 정책 운영 필요
ㅇ ,"우리 도에서 추진하는 각종 정책이나 행사에 도민들이 주체적으로 참여하여 주인의식을 가질 수 있도록 할 필요가 있다.
도에서 추진하는 행사나 축제에서 도민들의 아이디어를 제공하여 이를 실천하여 직접 참여하는 것으로 도정의 정책에 관심이 집중 될 것이라 생각한다.

또한 언제든지 지방정부의 행정에 참여할 수 있는 도민들의 데이타베이스를 구축하여 즉시 이를 동원할 수 있는 시스템을 구축해야 한다.",개인성과에 대한 객관적인 의견 게진 및 논의 가능,직원 애로사항 청취보다는 실질적인 성과를 낼 수 있도록 성과내용을 구체적이고 명확하게 정해야 함,없습니다.,"- 나이순 근펑, 전보 전보·보직의 특혜, 임기제로 인한 승진인원 감소, 임기제 특정 정책 추진 불가(법, 여건)시 조직유지 불가 ","공무원은 고생한 보람을 승진으로 보답받습니다.
우수한 정책, 특별한 성과, 묵묵히 맡은 업무 충실로 인한 성과에 대하여 특별한 혜택이 있어야 되지 싶습니다.
물론 승진 수 내에서 승진 연공서열로 일부는 승진해야 되겠지만 일부는 위와 같이 특별한 성과를 달성한 직원에게
승진배수 내에서는 승진이라는 혜택이 필요하다고 생각합니다. 물론 직원 대부분이 그런 직원이 승진하는데 동감을 해야된다는 
조건과 장치는 선행이 필요할 것으로 생각됩니다."
공통플랫폼을 구축 할 시 분류를 선택할 필요 없이 자유롭게 참여할 수 있는 인터페이스 필요. 내용에 따른 업무 구분 등은 AI나 관련 단어를 통한 업무 배정,"그 '도민'이 어떤 도민인지? 실제 정책과정에 도민을 참여시킨다면 특정 단체 소속이거나, 어떤 직위나 직함이 있는 사람들, 또는 그런 사람들과 연관이 있는 사람들이 대부분 참여하게 될 텐데, 그 자체로 그런 '도민'들은 일정한 이해관계나 특수관계에 얽혀 있는 사람들일 것. 과연 진정한 '도민'의 의견이나 체감하는 바를 알 수 있을지 의문스러움. 
지금 질문이 전제하고 있는 내용이 이론적으로는 매우 오래 전부터 거론되어 왔지만 실현되지 않았던 이유는, 현실은 대단히 복잡다단하기에, 그렇게 쉽게, 간단하게 도입되기가 어려운 것임.
더군다나 정책의 결과로 누군가 혜택을 볼 수도 있지만 상대적으로 이득을 덜 보게 되거나, 오히려 피해를 보는 사람이 반드시 있게 마련인데, 그런 사람들의 의견도 모두 하나하나 다 들어서 정책을 기획하고 추진할 수 있다고 생각하는지? 
어떤 집단의 혜택이 어떤 집단의 피해를 수반한다면 그 정책의 성과는 도민이 체감하기에 좋은 정책인지 나쁜 정책인지? 둘 사이의 비교.형량은 어떻게 할 것인지? 정량적으로? 정성적으로? 비교형량이나 근평 자체가 불가능할 것으로 보이는데.. 아닙니까? 
기관장이 인맥인인데 그런 정책과정, 정책성과 근평이 가능할 것으로 생각하시는지? ",평소에 과장님과 단 둘이 이야기할 시간이 잘 없으므로 이런부분은 만족함 ,면담에 따른 피드백 필요,"도민을 위한 정책의 방향에 전적으로 동의하나, 일하는 직원을 위한 성과 관리도 고민했으면 함. 도청이 점점 일하고 싶은 조직이 되어야 하는데 힘들면 휴직하고, 이런분위기가 되지 않도록 일하고 싶은 조직을 만드는 고민도 했으면 함","전보전보·전보·보직 제도는 한 부서에 계속근무하는 직원과 전보제한2년2년 중 전보되는 직원의 명확한 사유 공개
승진제도는 인사예고시 명확한 승진인사 방향 공개","제도가 미비해서 불만이 있는것이 아님.
지금의 제도를 제대로 시행하면 문제없음. 그렇지 못하기에 말이 나오는 것임. 추가적인 건의사항 없음"
"도민과의 소통방법과 갈등해소 기법 사전 교육훈련이 필요하고, 민간부문의 전문교육훈련 인사인사교류가 필요함",도민이 체감하는 성과의 기준 설정이 우선되어야 한다고 생각합니다.,공식적으로 나의 성과에 대한 어필이 가능하고 부족한 점을 피드백 할 수 있는 기회라고 생각함,"공무원 개개인의 업무의 특성이 다를 수 밖에 없습니다.
성과가 날 수 밖에 없는 자리가 있는 반면, 묵묵히 자기일을 열심히 해도 성과가 나지 않는 자리가 있습니다.
무조건 성과로만 판단할려면 그런 자리에만 사람이 갈려고 합니다.
성과가 날 수 없는 자리에도 피해가 가지 않는 방법을 고민해야 될꺼같다.
성과로 빠르게 승진하는 자리는 누군가가 가도 가능한 자리인데 특별한 시기에 있다고 해서 성과를 한사람이 받는것은 공정·공평합니다.",업무 난이도에 대한 성과관리의 객관성을 높이는 방안 마련,시군과의 인사인사교류가 단절됨으로 인해 시군의 속사정 등을 파악할 수 있는 창구가 없습니다. 그로인해 도와 시군의 협력사업의 진행이 원활하지 않은 경향이 있습니다. 따라서 원활한 소통을 위해 시군과의 인사인사교류가 확대되었으면 좋겠습니다.  ,없습니다.
"SNS 콘텐츠 제작, 홍보마케팅 기법 등의 교육훈련과 담당별(또는 개인별) 테블릿PC 등 모바일 기기의 지원이 필요하다고 생각됩니다.","정책이 신속하고 효과적으로 실현되려면, 정책결정자의 명확한 의사결정이 있어야 함.
하나의 정책을 계획하고 시행까지 과정이 힘들어 직원들의 의욕이 없음",일단 부서장과 일년에 1:1로 두번이라도 대화를 한다는 것 자체가 대단함 ,직원의 성향과 업무를 부서 전보·전보·보직이 우선되어야 함,사람에 맞는 업무도움,근평의 공정·공평 의문,공정·공평 인사를 위해서 성과 면담을 실시하는 것도 좋고 좋지만 그런 새로운 것을 하기 위해 자료를 만들어야 하는 과 실무자의 어려움도 알아주길
직원들이 공감하고 정말 필요하다고 생각하는 정책 설정 필요,신규 정책 채택시 직급별 근평 자문단을 무기명으로 구성하여 자문실시,종합적으로 나의 업무에 대해 상담이 가능해서 좋았음 ,부서별 의견제시해도 충족되는것은 하나도 없음,없습니다.,"같은 국에서 계속 전보·전보·보직하도록 전보를 하고 있는데, 자기 적성에 맞지 않는 업무의 경우 희망전보전보로 전보해주어야 할 것이며,
근평시에 국 내에서 많은 논의후 순위를 정해 인사과로 넘기지만, 정작 인사과에서는 무슨 기준으로 순위를 정하는지 모르겠음. 공개 할만한 기준을 정해서 투명을 가져야할 것임",기피·격무부서 근무자에 대한 인사상 우대를 확대 시행
"도민이 많이 사용하는 SNS에 대한 사용법, 눈높이 홍보방법 교육훈련","정책결정을 위한 의견수렴(보조기관,보좌진)과정 多難, 이로 인한 공무원의 행정력 낭비 발생 초래와 더불어 적극적인 업무추진을 하려는 공무원도 소극행정으로 이어져 도민이 체감하는 정책 추진발굴을 어렵게 하는 원인중의 하나라고 생각합니다.",.,성과면담을 해도 형식적일 수 밖에 없으며.....조직 구조자체가 성과면담을 할 수 없는 조직구조임... 왜 하는지 모르겠음....,..,#NAME?,역량에 맞는 적소적재적재 전보·전보·보직
플랫폼 관리 전문가 전담전보·전보·보직  ,"도정 전체적으로 인력이 부족하며, 일한 사람은 없는 데, 추가적인 일은 계속 늘어 나도 있음, 지원부서를 가감히 통폐합 하고, 사업부서위주로 인력 충원이 필요함. 기존의 일은 나쁘다는 개념으로 접근할것이 아니라 온고지신의 정신으로 기존것에 가다듬어서 더 좋은 정책으로 나아가는 것이 필요함",개인이 설정한 성과목표에 대하여 부서장과 소통으로 공감대 형성,"성과에 대한 구체성이 필요한데 단순한 정량성과 위주로 성과를 측정하다보니 고객만족에 대한 근평이 어렵고
고객근평을 도입할려고 하면 장시간이 걸리고 많은 비용이 수반되는 문제점이 있음.  이러한 점을 균형있게 보완하여 개선하는 것이 우선되어야 함",없습니다,"전보 및 전보·전보·보직제도
- 한 부서에서 업무 전문성을 위하여 전보제한2년2년 이상 근무하는것도 좋으나,
- 다양한 업무경험을 통해 자신이 흥미를 가질수 있는 업무를 할 수 있도록 전보제한2년2년 축소",본인이 향후 전보에는 전보·보직이 되는 공개한 인사시스템 운영이 필수
"1. 도정 정책에 대하여 한눈에 알 수 있는 자료를 정리 배포 (개인적으로..도정정책이 구체적으로 어떤 것들이 있는지 모르겠습니다)
2. 직원들의 개인적인 관심사(여행, 육아 등)를 파악 및 분류하여 개인별 관심있을 정책들에 대한 관심 및 참여 유도
  (예를들어 자녀가 20대 대학생인 경우 육아에 대한 정책보다는 자녀가 취업을 잘 할수 있도록 청년정책에 더욱 관심이 있을수 있을꺼 같습니다)","예산 수반, 제도 개선, 법 개정 등 선행조건(제약요인) 해결을 위한 외부(전문가, 중앙부처) 컨설팅 활성화 필요",개개인에 대한 부서장의 관심으로 업무애로사항 등 상담 가능하여 좋았음,..,개인 및 부서의 성과관리에 대한 근평 자료를 일정부분 공개하면 좋겠습니다.,.,..
.,도민이 많이 알 수 있도록 홍보 제고,세부적인 면담,요식행위,성과를 달성하면 그에 대한 보상을 받을 수 있는 제도와 문화가 정립되어야 함,"전보, 근평 시기 마다 공정·공평하다는 의견 또는 편견으로 직원 불만-&gt;사기저하-&gt; 공개 필요",그냥 공정히 잘 되었으면 좋겠습니다
수요자 중심 필요 정보 및 홍보 방법,현장의 목소리를 제대로 듣고 반영해야 함,평소 얘기하지 못하는 개선사항에 대한 의견 제시 가능,"성과면담을 해야된다니 형식적으로 시행하지만 
직원 개인의 역량이나 업무량을 명확하게 파악하고 성과관리로 연결되지 못한다고 생각됨",성과관리제도로 틀에짜여 직원에게 부담을 주지 않도록하여 자유롭게 업무 수행이  이루어 질 수 있다면 자연스런 분위기 속에서 좀더 좋은 성과를 창출할 수 있지 않을까 싶습니다. ,인사인사교류 제도에 대한 정보 부족,1
정책수요자 위주의 행정 추진 교육훈련,"단기간의 성과 창출은 거의 없을것으로 판단, 단계적으로 접근하는 방법에 대하여도 성과로 인정해 주는 것",직원의 의견을 들을 수 있음.,성과면담제도의 실효성에 의문이 생깁니다. 성과면담제도를 통해 실제로 직원들이 직업정신을 고취시킬 수 있는 것인지. 혹여 이 제도가 바쁜 직원들에게 또 다른 업무를 만드는 부담이 되는 건 아닐지.,없습니다.,"전보 전보·보직 관리와 근평 평정은 같은 맥락에서 추진된다. 일과 상관없이 그런 자리가 그런 근평을 받을 수 있는 오랜 연공서열은 여전히 유지된다.
근평을 잘 받는 그 자리에 가는 사람들은 매 그 자리에서 그런 근평을 잘 받고 승진을 하는 등 보이지 않는 연결고리가 깨어지지 않으면
이는 의미가 없다고 판단된다.","지원부서 사업부서 필수 교차 인사 발령 실시가 필요합니다.
사업부서에서만 계속 근무하는 사람이 있는 반면, 많은 사람이 선호하는 지원부서에만 계속 근무를 합니다.
"
"직원들이 도정의 정책에 대한 이해도 부족한 상태임
현재 자신의 업무에 국한되어 일을 하지 도정 전체의 정책에 대해서는 관심이 없다.
직원들의 역량이나 지식 함양이 우선되어야 정책소통을 하지 그렇지 않으면 하고 싶어도 할 수 없다.",",,",부서장의 친절하고 격의없는 대화,비정기적(수시) 성과관리 면담 실시,성과관리를 위한 것이 아닌 성과관리 제도를 위해 성과목표를 억지로 지어내야 하는 경우도 허다함. 현실에 부합하는 성과관리 제도 개선 필요,"징징대는 사람은 희망전보전보, 전보·보직으로 이동하고 묵묵히 일하는 사람은 힘들고 근평 못챙기는 부서, 전보·보직으로 가는 현상
그 사람이 일한 결과, 일에 임하는 태도 등에 대한 고려 없이 어떤 자리가 근평 몇 순위, 이렇게 정해서 근평되는데, 그마저도 어떤 사람들은 그 자리에서 해야 될 일을 다 하지 않고 이런저런 핑계 대면서 그 자리의 업무를 다른 부서원에게 넘김. 그런데 근평은 오롯이 다 챙김. 비일비재함.
실무자로 일을 잘 했을지는 몰라도 관리자로서는 정말 별로인데, 앞서 지적한 문제들을 잘 활용해서 그걸 지금까지 일한 성과로 인정받아 그 댓가로 관리자로 승진하는 것은 단단히 잘못된 것. 관리자 승진은 관리자로서의 역량이 있는지를 어느 정도 미리 파악해서 해야 됨. 관리자로의 승진은 보상이 아니라 발탁이어야 함.","근무연공서열, 전보·전보·보직, 본인의 희망전보 등이 종합적으로 고려된 부서전보·전보·보직이 중요하며 각 부서별 직급, 직렬전보·전보·보직도 공정하게 되어야 함"
"장담컨대, 정책소통플랫폼은 의도한 효과는 적게 보고, 행정력 낭비가 압도적으로 클 것임. 행정실무, 민원업무를 본 사람들은 아마 모두 공감할 것.",없습니다,그간의 고충을 말할수 있는 기회,성과 주체가 불분명한 업무,"
작년성과관리근평과 어떻게 달라질지 기대됩니다. 
사실상 지표를 근평하는 건 쉽지만 과제를 근평하는 것이 어떤 방식으로 이루어질지 궁금합니다","전보·전보·보직이 정해져있음(행정국과 사업부서는 인사교류가 안됨)

근평 담당자는 개방형 임기제로 정하는것이 맞다고 봄(아무래도 청탁이 개입된다고 보여짐)","
"
실제 현장 교육훈련,"정책목표수립과 결과근평, 근평반영 모든 과정에서 도민이 참여할 수 있는 참여수단 제공",면담이라는 방식은 면담자가 중요한데.. 지금 상사는 그점에서 매우 적절한 자세를 가지고 있다고 생각합니다. 그말은 리더의 성향에 따라 무의미한 제도가 될 수도 있다는 말이니 개선책을 생각해봐야 할듯 합니다. ,성과면담에 대한 인식 개선(불필요한 절차라고 생각하는 듯함),직원들 성과 달성목표에 자기추진 업무인맥,투명,"외부(인맥,인맥)에 영향받지않고 투명하게 인사조치"
현장중심의 업무처리 교육훈련,0,면담 내용에 상관없이 편안한 면담분위기가 좋았음,성과목표 설정 자체가 불명확,"합리적인 성과시스템을 만들려고 하면 단기간에 하기 어려우며 지금의 성과시스템의 계속적 보완 개선이 필요한 장기 과제라고 보여짐.
 ","현재 근평 공개를 과 단위로 개인에게는 공개하고 있습니다. 범위를 넓혀 국 그리고 도 전체 근무 평정을 공개하면 어떨지요
특별한 이유없이 근평 시 순위가 밀릴수 있고 근평 담당자가 객관적으로 근평했는지 확인이 불가능하다면 근평의 공정·공평을 담보할 수 없으므로 범위를 넓혀 공개함이 타당할 것으로 생각됩니다.  ",승진대상자(5급승진자 이상)에 대한 다면근평을 보다 확대 도입하여 운영할 필요가 있음.   
"고객들의 의견 등을 검토하고 진지하게 고민하는 과정이 필요합니다. 직원들의 의식의 문제라고 생각합니다.
조금더 진취적으로 받아들이려고 하는 노력이 필요합니다.
그래서 감사에 대해 자유로와야 할 것이며, 직원 역량강화도 필요하다고 생각합니다.",정책에 대한 홍보가 부족한 것 같으므로 도민에게 정책을 좀더 잘 알릴 수 있는 방법 모색이 필요함.,현재 우리계에 필요한 부분이 어떤것인지에 대한 소통 및 내용관리,잘 모르겠음 ,..,"균형이 잡히려면 움직이는 직원수에 맞는 검토자 수가 필요함.
기술이 움직이고 행정이 검토하면 안된다는 말임.
직렬별 직원수에 맞는 관리자 수가 필요",..
"직원들의 교육훈련과 지원이 필요한 것이 아니라, 직원들이 적극 참여할 수 있는 환경과 시간이 주어져야함.","소통도 중요하지만 공무원으로 정책을 만든 공무원의 의사도 무시되어서는 안된다고 생각됩니다.
소통 때문에 시기를 놓치는 정책은 필요 없는 정책이 되어버립니다.
과감하게 추진해애 할 정책은 공무원을 믿고 추진할 필요가 있다고 생각됩니다.",.,"담당별 또는 업무적 특성이 인정되지 않고 획일적 기준에 따라 성과면담체계가 설정되고, 업무분장에서도 전문성, 난이도, 중요성 등이 반영되지 않는 불평등 소지가 많음  ",성과는 보통 사무분장과 연결되는데 성과면담제도의 의미가 크게 와닿지 않습니다. 업무고충해결중심의 면담이 필요하다고 생각합니다.,불투명 인사정책 추진,"2개청사와 다양한 사업소를 보유하고 있기 때문에 특히 지역의 이동이 필요한 인사발령의 경우, 희망전보전보 또는 비희망전보 직원을 파악하는 등 직원의 의견을 들어주는 노력이 필요하다고 생각합니다."
플랫폼 운영관리 직원의 업무부담 경감. ,"불필요한 일로 인해 직원들의 피로감이 가중되고 정말 필요한 일을 할 시간이 없음.
(각종 보조자료, 간단한 보고를 위한 보고서 작성, 업무지시에 대한 직원들의 의견이 받아들여지지 않는 등)",#NAME?,직원의 자율과 책임을 높여 성장을 지원하도록 교육훈련 실시,"""열심히 해봤자 결국은 연공서열이다""라는 보편적인 생각을 깰수 있었으면 합니다.",조직 구성원 모두에게 최고의 관심과 자부심이 인사상의 승진 등에 있음 ,"공정·공평 인사, 성과관리 어려운 문제이지만 다수가 만족할 수 있는 정책이 수립되기를 바랍니다."
"나이별, 직급별 개인 역량 특성에 따라 맞춤형 교육훈련 실시","1년동안 정책근평단을 모집하고 연공서열, 그룹별 다양하게 선정하고 임명한 후 책임감을 부여해준 후 활동이 끝나면 인증서를 발급해주고 보상제공(경남사랑 상품권 등) 

",마음의 안정,부서장과 담당자 간의 성과면담의 경우 자칫 지나친 주관성이 개입될 소지가 있으므로 실제 담당자의 성과가 좀 더 객관적으로 보일 수 있도록 외부전문가가 참가하는 성과면담을 시범적으로 운영해보는 게 필요,없음,신규 공무원 업무 역량 강화 교육훈련 필요,없음
직장 구성원들 간 상호 이해 할 수 있는 조직문화 형성 필요,"투명하고 현장중심에 맞게 정책추진, 탁상행정이란 말나오지 않게,
과도한 지시이행으로 업무추진 지난등은 개선해야 될것으로 보임",-,.,없음,"지나친 임기제 채용으로 임기제를 위한 직원이 필요한 실정임, 전문성의 채용은 찬성하나 일반직으로 가능한 것은 일반직으로 업무를 할수 있도록 하는 것이 나음. 임기제 해당 자리에 대한 효과성에 대한 조사 필요",없음
"기존의 일부터 줄여서 직원들이 여유가 있어야 새로운 일을 하는데, 일몰제를 적용하여 기존 일은 줄이고, 새로운 일을 시작해야 함.","도민이 정책근평 과정에 참여하도록 제도적으로 정착(법령, 조례, 규칙에 명시)하여 잘못된 점은 보완 개선하는 행정시스템을 만든다면
도민이 보다 체감하는 도정이 될 것으로 보입니다.   ",미작성,진실되고 실제적으로 구성,0,"중앙부처 인사인사교류와 직속기관 사업소 근무를 동일시 하고, 성별에 대한 차별이 있음",0
정책소통플랫폼이 또다른 업무를 가중해서는 안되고 운영기준이 마련되어야 함,..,부서장과 허심탄회한 대화,"달성해주었으면 하는 성과를 제시해주지만
구체적으로 어떻게 달성해야하는지 할수있는 여건은 제시해주시않음",쥐어짜내는 성과관리 방식의 부적합,승진 최소연수가 지나면 승진을 시켜주는게 사기진작에 도움이 됨,"하위직의 상급자 근평제도 확대시행 건의(서로 근평이 가능해야 상호존중하며 직장 내 괴롭힘, 갑질이 줄어들 수 있을 것 같음)"
서로 소통할 수 있는 정보 제공,"내부직원도 분명 우리 경남도민이라는 생각으로 , 도민체감만을 목표로 기존의 업무량이 많은 내부직원의 업무를 더 과다하게 하지 않도록 점진적으로 추진해야합니다.",현 업무에 대한 성과를 인정하고 격려,성과면담이 직원들과의 경쟁을 부추길수 있음,"공공행정의 성과관리제도는 신중히 도입, 추진되어야 한다. 초창기는 행정서비스 만족도조사에서 출발하여 모든 조직의 비전, 목표, 성과로 이어지는 단계에 이르고 있으나 보여주기식, 결과중심주의에 머물게 되면 조직 및 구성원 피로도만 증가시켜 역효과 발생할 수 있음",본인의 의지와 상관없이 근무하게 되는 부서에서 정확한 성과를 구분하기 힘들고 근평자도 피근평자를 모르는 경우가 많아서 제대로된 근평이라 보기 어려윰,"인사가 만사다. 100% 만족하는 인사는 없겠지만 직원 스스로 수용하는 인사일 경우 개인이나 조직의 발전 , 행정서비스의 질은 분명 높아진다."
.,간부진과 직원과의 소통 강화,"과장님과 일대일 대화할 기회가 잘 없는데 , 좋은 시간이었음",성과 성과가 실제로 정책수혜자에게 어떻게 다가가는지를 수치화 할 수 있는 개인업무 분장을 만들어야 함.,.,"근평시 연공서열이나 연공서열때문에 성과에 따른 근평이 힘들고 교육훈련이나 훈련은 원하는 사람이 가야하는데 의무적으로 가는것도 문제, 행정에서 성과급은 연공서열에 따른 갈라먹기식이라고 보여짐",.
긍정적이거나 부정적인 사항 모두에 대하여 열린마음으로 정책고객을 대할수 있는 마인드 교육훈련,"부서의 막내에게 관리를 맡기지 않았으면 좋겠습니다 
",개개인의 요구와 역량을 서로 소통할 수 있고 요구사항과 앞으로 준비해야 할 것을 보완할 수 있도록 조언할 수 있는 기회,성과면담 자체가 부담스럼움,.,실제 성과와 근평 간의 괴리,전보 경쟁률 혹은 전보 결과 공개 요청
"도민과 소통하는 다양한 방법에 대한 길을 제시하고, 창의적인 의견과 시도가 반영될 수 있는 환경 조성",도민의 참여를 이끌어 내는게 중요함,목표를 정확히 인지함,업무 관리,정책수혜자에게 어떻게 다가가는지를 수치화 할 수 있는 개인업무 분장 개발,업무 외적인 일이 포함되는 근평,"직렬간 안배가 필요함. 똑 같이 도청에서 고생을 하며 근무하는데 기술직렬이라고 승진 소요 기간이 터무니 없이 길다면, 이게 공정·공평 사회인지 묻고 싶고

해소를 지속적으로 요구하였음에도 해소가 되지 않네요."
통일된 플랫폼 구축 및 사용법 관리,"원래 도민은 도정에 관심이 없음. 다 자기 먹고 살기 바쁨. 
애초에 관심이 없는 것을 체감하도록 만들려는 것 자체가 공무원 마인드임. 다 내려놓는 것이 좋음
도민은 자기 밥벌이 열심히 하고, 공무원은 열심히 행정하고 그러다보면 그냥 잘사는 사회가 되는거임 
왜 먹고살기도 어려운 도민들에게 도정에 관심을 가지게 하려고 하고, 성과가 체감되는지 묻고 하는지 모르겠음. 
다들 공무원만 하셔서 잘 모르시나 본데.. 비공무원들은 딱 두가지임. 먹고 살기 좋다. 먹고 살기 어렵다. 
정책효과를 체감하십니까 물을게 어니라 먹고 살만하십니까 묻는게 정답임
",성과관리를 점검할 수 있는 기회,큰 의미를 느끼지 못함,너무 성과에 매달리지 않았으면 좋겠음. 자유로운 성과관리 분위기 조성," ,,",근평 및 승진 제도의 공정·공평 확보 필요
" 실국 또는 부서단위로 정책소통플랫폼을 구성한다고 해도, 시스템을 통한 통일성 구현도 중요할 것이다. 
 대부분의 부서에서 인력이 부족한 상황에서 플랫폼 운영 업무까지 더해진다면 직원들의 고충이 늘어날 수 있을것 같다. ",중복 또는 유사 사업을 정리하는 정책 다이어트 필요,조금더 수평적인 구조로 변화되는 것 같음,"안하고 있어서 보완이 필요하다고 하였지만, 하게된다 하더라도 큰 기대가 없음. 어차피 연공서열식 근평과 승진 연공서열이 너무나 확실한 조직에서 성과근평이 다 무슨 소용인지...?",-,비슷한 곳으로만 부서이동하는 경우가 있는듯함,1
소통관련 교육훈련을 실시해야함,정책을 만드는 위험부담과 절차에 비해 돌아오는 것이 없다. 이러한 환경에서는 스티브잡스가 살아돌아와도 힘들다고 생각합니다. ,성과면담이 형식적으로 이루어지는 것이 아닌 업무 전반에 대해 자세히 면담할 수 있어서 좋았습니다. ,성과 창출에 필요한 인적 재정적 지원 필요,위에서 충분히 말했습니다.,근평제도에 대한 막연한 의구심이 있습니다.,없습니다.
"스마트폰 데이터비 지원, 사용성과에 따른 포인트(경남사랑상품권 등) 지급","성과관리 관련 비전 및 목표 설정, 근평, 환류 체계 등을 위한 객관적 지표 설정이 필요하며, 수요자(고객) 중심 또는 사업성과 등에 있어 만족도 조사나 계량화 지표가 있는 반면 지원부서의 경우 성과의 비계량화와 비자발적 인사에 따른 소외직원의 적극적 참여방안 강구  ",적당함,형식적이고 실효성이 없다. 이런게 해소되지 않으면 무의미하다,성과관리의 본래 취지와 목적이 흐트러지지않도록 원리 원칙이 지켜질 수 있는 근평이자 규제가 필요함,"연공서열식 근평, 성과급 제도 운영으로 열심히 일하고 성과를 내는 직원이 피해를 보고 있으며 근무할 의욕이 별로 없음",공정·공평과 원리 원칙이 지켜질 수 있는 인사관리 제도가 정착되었으면 함
정책고객 선정을 현행 유관기관이나 단체 위주가 아닌 현장에 종사하는 도민을 구성하여 그들의 목소리가 정책에 반영될 수 있도록 정책고객 발굴을 지원해야 함,.,얘기하는 거 자체가 좋음. 소통한다는 느낌받아서..,"성과를 위한 성과는 지양하고 공동의 목표가 무엇인지부터 다시 출발 필요
지금의 성과목표는 숫자놀음과 줄세우기에 불과함",없음,성과와 근평과 연계도를 높여야 함,수고많으십니다.
정책고객 소통플랫폼을 활용하여 활발히 활동하는 직원에 대한 인센티브 지원 필요,.,부적절한 점은 없었음,"단순한 직원 고충사항 의견수렴이 아니라, 업무추진 성과에 대한 인센티브 부여 논의, 문제점, 개선점 찾기 등 취지에 맞게 운영될 수 있도록 부서장들의 리더쉽 교육훈련 필요","성과관리가 왜 필요한지 이해하는 직원이 거의 없습니다.
그냥 근평이나 상대근평을 위한 수단으로 전락하였으니 아무도 목표를 가슴깊이 느끼지 못합니다.
그냥 달성만이 목표이죠.
과정은 아무런 의미도 없어지는 것입니다. 그냥 성과나기 좋은 지표를 고를뿐입니다. 어찌 가슴깊이 목표에 공감할 수 있겠습니까",직장내 객관적이고 공정·공평 인사관리를 통해 믿고 일할 수 있는 공직분위기 조성- ,"투명 인사가 될 수 있도록 인사 정보 모두 공개(인사발령 시 개인별 최근(3회 정도) 전보·보직 경로 공개, 근평 순위 명단, 근평 점수, 승진 요인 결정 과정 등)  "
정책의 최종적인 목표와 방향의 정확한 인식이 필요함,말도 안되는 정책에 대한거부할수 있는 방안 이 필요합니다.,업무추진 과정에서 위기관리나 문제해결을 위해 직원이 상사에게 언제든 성과면담(소통)을 요청할 수 있는 제도적 분위기 조성 ,"개인의 성과보다 팀,부서간의 근평",없음,"교육훈련훈련이 5급이상을 대상으로 추진되는거 같습니다.
예를 들어, 작년 부터인지 갑자기 KDI 과정을 5급만 보내고 있습니다.
오랫동안 준비해서 지원한 직원들에게 너무 가혹한거 같습니다.",".도정 업무 중 어느하나 중요하지 않은 것이 없을진대,  밖으로 드러나는 업무만 인정을 받고, 그 자리에서 조용히 묵묵히 열심히 일하며 제 역할을 톡톡히 해내고 있는 직원이나 업무는 제대로 된 근평을 받지 못하는 경향이 짙음
.조직은 톱니바퀴가 맞물려 돌아가듯 하나만 불량이 나도 제대로 작동이 안되는 기계와 같은 것, 근평을 위한 근평은 제발 지양하길 바람"
교육훈련보다는 간부들의 인신변화(간부교육훈련),.,과장님과의 진솔한 대화를 할 수 있었음.,성과면담을 하는 지 잘 모르겠음. 해본적이 없는 것 같음,.,"너무나 많은 임기제 임용으로 사업부서 인력이 부족함.
현재 특보나 임기제 공무원과 사회혁신부서, 공보특보 등에 많은 인력이 추가로 전보·전보·보직되고 있음.
사업부서의 경우 대부분 결원이 있는 상태이며 경험이 부족한 신규공무원 전보·전보·보직등으로 일의 과부하가 너무 심함",- 
보고를 위한 보고 등 불필요한 업무감소와 토론이 아닌 지시중심의 업무처리가 개선되어야 함,도민의 입장에서 업무 추진,아직은 형식적이라는 느낌이 많이 들지만 잠깐이라도 직원과 상사간 소통이 가능하다는 점,성과관리에 대한 개별적인 기준 마련 필요,#NAME?,전보가 너무 없고 선호부서·보직에가야만 근평을 잘 받을 수 있고 실제로 직원들이 인식하는 주요 부서와 그렇지 않은 부서의 근평 차이는 너무 나는 거 같다.,수고하세요
"sns활용 방법, 이 일이 내업무에 과중된다는 인식을 고쳐야함. ","도민의견 수렴 창구의 다양화와 수렴된 의견의 분류와 그에 따른 우선 순위 정책 추진후 성과와 체감에 따른 사업의 지속성 또는 폐기가 
결정되어야함",리더의 직원들에 대한 이해도와 공감대 증가,"상하적 조직제도로 의견을 개진하기 껄끄러운 분위기
이야기해도 바뀌지 않는 연공서열적 분위기
그리고 상관들 보단 아랫사람에게 몰리는 업무",없음,민선이후 과다하게 임기제 임용으로 정규직 사기저하,-
"밴드,블로그 등 활용방법",-,인사고충에 대한 원활한 의사소통,성과면담은 고급관리자에 한정해야 됨,없음,"자기들만의 리그...인맥, 인맥 차단",..
"보고체계 개선과 창의적 생각이 나올수 있도록 사무환경 개선이 시급하며, 6급 이하 담당자들도 업무에 필요한 자기계발(관련 자격증 취득 등)을 한 직원들이 많은데 이런 사람들을 알맞은 전보·보직에 투입하여 하나, 인사과에서는 관리를 하고 있지 않은 것 같음....",소통과 홍보를 지속적으로 강화해야 합니다. 특히 홍보는 각종 SNS를 개편하여 발전하고 있는 듯 하지만 인력이 부족함이 느껴집니다. 더불어 아무도 관심없는 지역언론에 보도자료 뿌리는것에 목숨좀 안걸었으면 좋겠네요.,직원의 업무에 대한 부서장 의견을 들을 수 있고 직원의 고충에 대해 부서장에게 전달하는 계기가 됨,"3개월간 평균 시간외가 근평 요소가 되는지 의문입니다.
시간외 시간이 많다고 업무량이 많다고 할 수 없고, 업무에 성실하다고 할 수도 없을 것 같습니다.",-,"개인의 역량위주로 전보를 하되 주무과·주무과·주무계 위주의 근평의 개선이 필요함. 다면근평을 근평에 반영하는 등
합리적이고 객관적인 근평 도입 필요(장기 연구 과제임)  ",없음
현장 중심의 행정이 필요함.. 직원들에게 자주 고객들과 대화하고 만날수 있는 네트워크구축이 우선되어야 할 것으로 사료,모든걸 잘하려고 하지말고 선택과 집중이 필요함,-,"2019년도에는 성과면담을 직원별로 다 실시하였는데, 2020년도에는 성과면담을 필요한 사람만 자율적으로 하라고 하는데 좀 애매함. 의무사항이 필요함.",..,..,전보 희망전보자 중 한곳에 근무를 오래한 경우...희망전보지역으로 적극 반영 지원
..,"도민체감은 각 실과 및 행정 분야별 수혜집단, 대상집단을 선정하는 작업이 선행되어야 함
대상집단에 대한 반응과 일반도민을 대상으로 하는 각각의 성과를 가중치를 두어 합산하는 외부근평이 필요함",보완을 해도 성과면담 자체의 실효성이 의문됨,성과면담을 해본 적 없음,미작성,자의적 기준 적용,"근평, 전보·보직 발령 등 인사계의 권한이 너무 많음. 근평 등의 기준 확립 필요"
잘 모르겠음,"도민이 친근하게 다가올 수 있도록 친구처럼 편안하게 말할 수 있고 어떤말을 해도 될것같은 소프트한 소통이 가능해야된다고 봅니다.
직원들 자체가 전부 딱딱한 행정조직이면 이러한 소통과 정책관리, 체감은 불가합니다.
말썽이 나고 좀 시끄럽더라도 즐겁고 행복해보이는 조직에는 불만이 적죠. 
구글은 사실 정책고객을 위한 딱딱한 혁신을 부르짖기보다 창조적 직원들 의견을 존중하니 다양한 아이디어가 나오고 반영되고
고객들도 자기의견이 반영될 것이라는 느낌을 갖죠.
내부적으로 불통인데 고객의견이야 오죽하겠습니까",직무의 애로사항 소통 및 공감,만족스러운 성과면담을 해 본 적이 없음.,"...
의견을 제시해도 어디까지 어떻게 반영되는지 투명하지 않다.","지사님 관심사항에 대해서만 중요시 되는 풍조와 계속해 해 오던 기존 고유사무를 없앨 수 도 없고 그대로 수행해야되고
시대변화로 도민들의 요구와 민원은 더 늘어나고 있음. 근평시에는 윗분들 관심사만 좋은 점수를 받고 발탁인사라는 이름으로
대다수 직원의 사기를 저하시키고 있음.
새로운 혁신은 고유사무가 없는 혁신, 기획 이런 부서에서 기획하고 구체적인 실행안을 마련해야 되는데
고유사무로 바쁜 사업부서에서 자료를 받아서 편집하고 있는 것으로 보임","현장부서에서 일 하시는 분들의 소외감이나 승진에 대한 박탈감이 없도록 배려,
본청에 근무를 하지 않아도 도지사, 실국장 옆에 있어야만 승진기회 획득의 연공서열보다 현장에 더 중요성 부각하는 인사 시스템 필요"
"부서간 업무량의 정확한 근평을 통한 인력의 균형 전보·전보·보직이 필요, 일에 치여서 새로운 정책이나 성과에 대해 생각할 시간조차 없는 실정임",없음,본인 개인에 대한 의견보다 부서 구성원의 다양한 입장을 들을수 있어서 좋음,부서장의 리더십교육훈련,공무원 업무의 특성상 너무 성과관리 위주로 가는 것은 무모한 행정행위임. 가령 생각지도 못한 고질 민원이나 소송 등의 업무가 생길수도 있음,"1. 선호부서·보직과 기피·기피·격무부서가 존재함에도 불구하고, 기피·기피·격무부서 근무자에 대한 인센티브가 부족해보입니다.
2. 모든 사람이 만족할 수 있는 인사관리는 불가하겠지만, 모든 사람이 납득할 수 있는 인사관리는 가능할 것이라고 생각됩나다.
   설명이 가능한, 이해가 가능한 인사가 필요합니다.
",인사관리와 관련된 건의사항이 잘 실행될 수 있도록 해주십시요
"분명한 사무분장, 가독성을 높이는 홍보,마케팅 기법, 이미지편집프로그램 등  교육훈련",.,평소 업무에 대한 함축적인 얘기만 했었지만 부서장과의 상세한 업무 얘기를 할수 있었음.,"우리 부서만 해당되는 것인지 모르겠으나, 성과면담은 그냥 ""성과면담을 진행하였다"" 정도밖에 안되는 형식적이고 질이 낮은 제도임 
바쁜와중에 이것저것 성과면담 자료 작성하고 면담하느라 시간뺏기면서 본인 일을 할시간을 뺏긴다고 느껴질 정도의 제도임",공무원의 핵신을 위한 핵신은 불필요,"""열심히 해봤자 결국은 연공서열이다""라는 보편적인 생각을 깰수 있었으면 합니다.","직원이 누구와 근무하는 것이 가장 중요함. 에너지를 낼 수 있는 사람과 근무할 수 있도록.. 또한 상호보완이 되도록.. 
먼저 인사부서의 적소적재적재에 대한 심도있는 검토로 부서전보·전보·보직이 되어야 하며
이후 해당 부서장의 담당전보·전보·보직시에도 많은 고민이 필요할 것으로 사료됨
일이 힘든것이 아니라 사람때문에 힘든 경우가 많음"
인력충원,#NAME?,자신의 담당업무의 성과목표 등을 스스로 점검도 해보고 부서장과 그에 대한 면담을 통해 구체화 시킬 수 있는 기회가 되었음,사실상 성과면담을 하고있다고해도 제대로 되고 있는 경우는 많지 않은 것 같습니다. 직원들이 좀 더 자유롭게 의견을 표출할 수 있는 면담제도가 있으면 좋을거 같아요,...,인사인사교류 - 먼 곳에서 힘들게 인사인사교류근무한 자에 대해 확실한 인센티브 필요,공정하고 공정·공평있게 인사관리 해주세요
성공사례의 상세한 예시를 쉽게 알려주는 것. ,없음,부서장과 성과에 대해 논의를 할 수 있다,성과면담이 제대로 시행되지 않으니 보완점도 나타나지 않음,성과관리와 근평 등과 인사 근평 간에 직접적인 정략적 연계방안을 찾았으면 함,직급승진의 년수 단축,"가격증이나 전공 등은 직렬에 관계없이 그 업무를 희망전보하면 전보가 가능하도록 했으면 함.
공무원 시작시 정한 직렬이 계속해서 가는 것은 문제가 있음. 개인의 노력에 의하여 관련 자격증이나 학업을 이행한 경우에는 그 분야에 근무가 가능하도록 길을 열어줘야 함.. 그리고 전직까지도 가능하도록 기회를 줄 필요가 있음.
기능직은 행정직으로 전환이 가능한데... 일반직으로 들어온 기술직렬은 행정직 전환이 되지 않은 것은 직원들의 많을 불만을 낳게 함"
정책에 대한 심도있는 자기 개발,-,앞으로의 성과 추진 중 업무 방향 설정에 도움,실천 가능한 업무 중심으로 성과면담하여 성과 목표 설정,없습니다.,"다면근평 필요합니다. 사무관 이상 분들 때문이 아니라 6-7급 중에서도 안하무인인 경우가 많습니다. 직원에 갑도 아니면서 갑질하고
시군에 갑질하고 계장님 안계시면 자기가 계장질하고 집에가서 저녁 먹고 와서 9시에 초과찍고.. 그런 사람들이 승진을 하여 사무관 달면 문제입니다. 모든 직급에서 승진시 다면근평 또는 성과면담시에도 동료 다면근평이 포함되어야 한다고 생각합니다. 
똘아이 질량 보존의 법칙에 따라 어느 부서든지 또라이가 있고 그들이 물을 흐리고 있습니다. ",없습니다.
"공무원 마인드를 벗어버려야 함.
공무원이 아닌 사람들한테 공무원스러운 소통을 하려고 하는 것이 진짜 문제임. 
공무원들은 진짜 사회를 너무 모름. 직원들을 한 일년씩 공장이나 공사장에 현장인사인사교류를 좀 시키면 좋겠음. 
소통을 하고 싶으면 공무원들이 (충주시 김선태 주무관 같은) 똘끼가 있어야 함  ","국별 업무계획 홈피에 게재 후여 월별로 추진사항 성과률을 도민전체에 공개하고 추진이 잘 안된 부분은 지속적인 설명이 필요함
그리고 보고를 위한 자료작성 등으로 도민에게 도움이 될수 있는 창조적이고 체감적인 사업 구상을 할 시간이 없음
현재도 도청 공무원들의 업무 피로도가 상당한데 창조적인 일 구상은 다시 내년도, 내후년도 업무 가중으로 연결됨으로
도민이 체감하고 행복해지기 어려운 업무 환경임",부서장과 단둘이 얘기할 수 있는 기회여서 평소 하기 어려웠던 얘기들을 할 수 있었던 것 같다,"성과면담에 대한 부서장과 직원의 부담을 없애는 것이 먼저입니다. '성과면담'이라는 단어는 '성과(부진자에 대한) 면담'이라는 부정적 인식이 있습니다. 
명칭부터 바꾸고, 성과면담을 효율적을 할 수 있는 방법도 다각적으로 다시 살펴봐야 합니다. 현재의 성과면담 방법은 역으로 활용되거나, 성과면담의 목적을 잊게 하는 구조입니다. 
","성과, 성과 라는 말을 계속 쓰고 있지만, 정작 직원들은 성과에 대해 별 관심이 없습니다. 이번 기회에 조직의 성과와 직원들에게 와닿는 성과의 의미를 짚어볼 필요가 있습니다. ",승진제도 일관성있는 승진제도 유지,"수고 많으십니다. 이번 기회를 통해 직원들의 다양한 의견을 수렴하고, 힘드시겠지만 합리적인 방안이 마련되면 좋겠습니다. "
사례 교육훈련,미작성,"성과면담을 계기로 당초 세웠던 본인의 업무를 다시 한번 점검할 수 있고, 추진상의 문제점 등을 상사와 공유할 수 있는 긍정적 면이 있습니다.",성과면담제도 운영자체가 업무부담으로 작용,없음,"승진, 발령, 근평에 관한 불평 불만이 많으며, 객관적인 결과라기 보다는 인맥적, 연공서열적으로 이루어지는 것 같아서.",없음
SNS사용 및 활용 교육훈련,"우선은 무엇을 원하는지에 대한 니드와
일반 시민들은 몰라서 참여 못하는 경우가 많으므로 지속적 홍보를 통해
파악하고 알려서 참여과 소통이 이루어 지는 정책관리",표면적으로 드러나지 않는 나의 성과에 대해서도 말할 수 있는 기회가 되어 좋았다.,과장은 성과면담을 실시 하지 않음 업무에 대해서 무관심함,없음,.,"필요없는 부서 과감히 없애고, 필요한 부서 규모 확대 필요"
. ,상급자들의 신속한 의사결정,만족함,성과에 대한 구체화 필요,업무 담당자의 의견을 존중하는 분위기 및 반영,교육훈련이 필요한 사람에 대한 교육훈련과 업무에 필요한 전문성 교육훈련이 필요,없음
"sns 관련 교육훈련, 통신비 지원","현장중심의 업무에 치중 및 인원보충 필요함. 보좌를 위한 인원보다 현장에 필요인원 보충, 핵신개혁을 이전부터 발굴한다고 몇년간해서 발굴한 것이 없는데도 발굴하려고 인원을 차출해서 현장에 필요한 인원이 없어 바쁜데 또 현장에 핵신 발굴한다고 자료달라고 함. 
",어떤점은 잘했고 어떤점을 보완해야할 알 수 있었음,분기별 성과에 대한 보고는 단기간 성과 성과에 대한 독촉으로 받아들여질수 있음,해당사항 없음,전보 발표 후 준비기간이 너무 짧음,"지원부서와 사업부서를 돌아가면서 발령 내었으면 좋겠습니다.
지원부서만 도는 사람이 없었으면 좋겠습니다."
규제 완화(자유로운 소통이 가능하도록),"도민이 체감하는 성과를 내기 위해서는 전국단위의 사업 성과를 기본으로 하고 경남도만의 특성이 있기 위해서는 먼저 직원들이 업무량이 중앙부처 사업과 도 자체사업의 비중이 얼마나 되는지 파악할 필요가 있음. 도 자체사업의 비중이 많은 부서에서는 적극적으로 도민이 체감할 수 있도록 많은 도민이 참여가 우선 필요함.그러기 위해서는 정책참여도민단으로 1. 읍면동단위의 주민 협의체, 2. 정책관련 민원인(업무관계자) 3. 유관기관 4. 자문단 등으로 구성하여 정책목표 설정부터 참여할 수 있도록 하여야만 도민이 체감할 수 있음.",부서장과의 개인적인 상담,"형식적인 면담 지양, 면담자의 지속적인 관심을 통한 심층 면담 필요",-,개인별 역량이나 전문성을 고려한 전보·전보·보직이 좋은 성과를 가져오고 그걸 근평에 반영하는 시스템이 필요함,없음
업무의 전문성 제고와 내부소통 강화 및 조직활성화 필요,"도민이 이해하기 쉬운 지표를 만들었으면 좋겠음. 특히 전문적 용어를 활용하거나 과도한 외래어(한글+영어 등)를 사용한 경우, 실제 가시적 성과는 있으나 전문적 용어나 쉽게 이해안되는 표현으로 도민이 체감하는 성과는 낮을 수 밖에 없음 ",없음,짧은 시간에 다수의 성과면담으로 내실있는 결과 도출 어려움,목표지(목표달성도)의 일률적인 제시 지양. 업무 성격이나 형편 등을 고려하여 적절하게 설정하는 것이 필요함 ,.,승진시 다면근평제 도입(10% 정도) 필요. 
.,..,희망전보자 뿐만 아니라 의무적으로 면담 시간 부여(희망전보자만 면담시 부서장에게 잘 보이려는 노력으로 보일수 있음),성과와 상관없이 부서장의 마음에 따라 근평하는 부분,"ㅇ성과근평에 성과에 대한 근평만 할 수 있는 제도적인 장치 필요
 - 성과근평 시 사교관계에 의한 근평이 이뤄지지 않도록
   성과관리는 내부적으로 계획·실행하고, 근평은 외부전문기관 또는 용역을 통해 실시",집합교육훈련 시수 채우기가 어려움,없음
sns 활용방법 교육훈련 ,"헛구호가 아닌 정책도출과 한꺼번에 확 바꾸는 것도 중요하지만(완전히 새로운 경남이 어려운것처럼)
실행가능하며 한걸음씩 일관성있게 점진적으로 나아지도록 직원아이디어 반영과 지원",딱히 불만이 없습니다. ,업무의 특성상 성과가 나타나지 않는 업무에 대한 근평에 있어 보완이 필요함,"업무에 대한 정당한 근평와
전보·보직상 가시적인 성과가 나타나지 않는 업무에 대한 배려가 필요함",잘 모르겠습니다.,"선호부서·보직 순환 근무자로 인해 다른 직원들의 상실감이 큼. 
순환근무자의 역량이 과연 탁월한지..그 사람이 꼭 거기에 가야만 하는 지에 대한 근평이 이루어져야 함"
소통 방안 및 관리 방법 교육훈련/ 과도한 업무분장 지양,"상사들의 결재, 상사취향, 상사입맛에만 맞는 딱딱한 업무보고, 보도자료식의 홍보자료가 아닌 젊은 직원들의 시각과 관점, 아이디어를 수용하여 현시대 흐름에 맞는 SNS 등의 정책소통 플랫폼 운영  / 또한 관련업무 전속담당직원 선정하여 플랫폼 지속 운영 및 홍보 필요. 도민들은 도에서 지원하는 사업들을 알지못해서 참여하지 못하는 경우가 더많음.  지속적인 홍보와 정보노출을 통해서 최대한 많은 도민들이 참여하고 체감할 수 있는 도정정책을 실행할 수 있어야함. 좋은 사업을 만드는 것도 좋지만 그전에 가장 중요한것은 도민들이 알게 하는 것임.",다 좋음. ,성과면담에 무슨 효과가 있는지 잘 모르겠음. 불필요한 일만 추가된것 같은 느낌임,없음,승진제도(직렬별 티오로 인해 상대적 박탈감등이 발생할수 밖에 없는구조),없음
플랫폼을 위한 플랫폼이 되면 업무만 증대될뿐입니다.,"도민들이 정책에 관해 알고는 있으나, 참여까지 이뤄지기가 어려운 것 같습니다. 좀 더 도민들이 적극적으로 참여할 수 있는 방안이 마련되면 도민도 체감하는 성과를 내는 도정이 될 수 있을 것 같아요",평소에 말 못할 부분도 성과면담시에는 자유롭게 말할 수 있어서 좋았음.,성과면담의 필요성과 효과에 대한 부서장과 직원에 대한 교육훈련이 필요할 것 같습니다.,-,교육훈련훈련 활성화로 직원 역량 강화 지원,-
정책소통플랫폼 접근방법 간소화 등을 통한 자율적 교육훈련 참여 유도,"도민이 체감하는 정책을 만든다고 한다면 도민입장에서 정책수립이 돼야 한다고 생각함. 도민입장이 되고 싶은 시간적, 마음적 여유가 부족하여 절대 도민입장 될 수 없음. ","
- 부서장과 본인의 성과에 대해 허심탄회하게 이야기 할수 있는 기회가 주어진 것에 만족함","성과면담이라는 기간을 두고 성과면담이라는 주제를 씌우는 틀 자체가 직원에게 부담으로 다가옴. 성과면담 공문이 오면 ""과장님이랑 무슨 얘기를 해야할지.."" 라는 생각부터 먼저 들게됩니다. 
조직이라는 구조에 따라 상사와의 성과면담을 본래의 취지대로 하기가 어려운면이 있음.
성과면담이라는 틀을 지우고 상시적이고 자율적으로 면담할 수 있는 형태가 되었으면 좋겠습니다.",..,"전보의 경우 당사자의 분야별 적성에 대한 근평프로세스, 전문관 적극 활용 등으로 특정분야의 전문성을 키울 필요가 있음에도 이러한 게 제대로 수립되지 않거나 활용되지 못하고 있음",.
"고객마인드 함양에 대한 교육훈련이 필요하며, 적극행정을 추진할 수 있도록 좀 더 폭넓은 업무관련 면책 보장과 1인당 업무량을 줄여 현장에 다가갈 수 있는 여유를 만들어주는 것이 필요함(업무다이어트 절실)",담당자의 권한과 책임의 강화,"업무에 있어서 힘든 점, 담당사업 목표 등에 대해 질의하셨고 이에 경청해주셨음",사업소 업무는 계획에 따른 검사업무로써 많은 이변이 생기는 업무가 아니기 때문에 면담을 잦게 하지 않았으면 합니다.,성과관리 제도에 대한 기준과 범위를 좀 더 넓히고 구체화할 필요가 있을 것 같습니다. 업무형태에 따른 기준마련도 필요합니다.,희망전보 부서 혹은 희망전보 지역으로의 인사이동이 필요,"인사관리는 예측이 가능하므로 단기, 중장기 인력관리계획을 수립해서 실과에서 원할한 업무 수행이 가능하도록 해야하며, 직급별 적정한 전보·전보·보직과 운용이 필요함, 그동안 5년간 운영한 서부청사 인사 조직의 활성화 방안 필요, 실국별 직원(기술직)들의 인사, 조직의 사기저하 등 "
직원들간의 밀접한 인사교류,없습니다.,부서장과의 소통에 있어 좋은 제도라고 생각.,"근평자료를 제목만 바꿔서 하는 성과면담이 과연 실효성이 있을까요? 
직위와 직급에 맞게 주어진 일을 어떻게 실행하여 어떤 성과를 낼지 서로 이야기 하고 피드백 받아야 합니다.",조직의 업무는 개인의 역량도 중요하지만 협업에 의한 추진이 중요하므로 성과관리를 팀이나 과의 프로젝트 과제로 삼아 추진하였으면 합니다.,공정·공평 인사관리 시스템 확립필요,수고하세요.
의무교육훈련과 연계하여 인센티브 부여하는 방법,"체감의 실질적 당사자인 도민의 생각, 마음을 알고 도민 관점으로 정책을 계획해야 한다고 봅니다. 정책 구상단게부터 여러 채널을 통해 도민과 효과적인 방법으로 소통해 나가야합니다. ",사적 공간에서 면담,#NAME?,개인의 업무 스트레스나 고충 등이 윗선까지 연결이 안된다는 점 ,"교육훈련훈련에서 너무 행정적으로 판단해서 꼭 받아야하는 교육훈련을 못받게하는 경우가 발생 소통의 단절 아무리 말해도 말하는 사람만 답답하고 이행되지않음
인사인사교류를 필요하다고 판단되면 적극적으로 할수있게 해주었으면 함 상위기관이나 유관기관등에 인사교류를 통해 조직의 발전이 가능한데 고이게 만들어버림
",인사는 공정·공평에 있을때 직원들의 상실감이 크게 다가옴. 인사의 기준이라고 정해놓은것은 예외를 두지 않고 지켜졌으면 좋겠습니다.
"도민이 쉽게 이해할수있게 언어교육훈련, 이해를 돕기위한 사진 촬영이나 포토샵 교육훈련 등",없습니다.,"업무에 대한 담당자 생각, 관리자 생각이 충분이 토론이 되어지고 있음",형식성 탈피,지금 만들어진 성과관리 및 정책관리 원칙을 지키면됨 열심히 일한 사람이 좋은 근평을 받을수 있도록하면되지만 원칙이 지켜지지 않고 있음,인사인사교류에 대한 정보공유 부족,사업소에 근무하는 업무는 그 업무 목적이 도민 체감정책업무이기 때문에 현재 하는 업무의 더이상의 정책을 요구하는 것은 업무의 기본을 막는 일인것 같습니다.  
플랫폼 이용에 대한 이점과 홍보가 필요할것 같습니다.,"하나의 정책이 정해지면 길면 1년, 짧으면 반년만에 또다른 정책으로 교체되어 정책의 일관성이나 충분하게 근평하거나 환류할 시간이 없는 단점이 있음.
",부서장과의 단독 면담으로 조금 더 구체적이고 현성과인 성과 방향 제시 및 검토,과도한 업무를 줄이고 효율적인 업무배분(새로운 업무를 할때는 연공서열적이고 오랜 일을 없애는 필요없는 일 없애기 운동),#NAME?,"직렬별 승진 소요 기간이 너무 차이가 나 근무의욕을 많이 떨어지게 되는 원인이 됨. 이를 위해 복수직을 만들었음에도 이용을 하지 않음.
이는 또 다른 차별이 되고, 도정의 경쟁력을 상실하게 되는 원인이됨.
",그래도 경남도는 인사관리 잘하고 있음
"도정은 다양한 분야의 일이 존재하고 그 일들은 도민 정책수요자에게 갑니다. 이렇게 행정서비스를 해왔습니다. 그 정책의 수혜자는 행정의 생리를 잘 알고 있는 사람은 그 서비스를 잘 받고 많이 받고 있지요, 그 서비스를 받지 못하는 도민은 아무리 좋은 행정서비스라도 수혜를 체감하지 못하지요. 그러한 정책의 홍보를 위하여 소통플랫품을 만들고 하지만 그 플랫폼 역시 기존 행정 생리를 잘 아는사람이 더 빠르게 정보를 입수하게 되어 행정서비스가 개인별 편차가 생길 수 있다고 생각합니다. 우리조직은 경직되고 폐쇄적이고 이기주의적인것 같아요, 또한 전문성도 떨어지는 경우도 많고요, 성과에 대한 근평 또한 그렇고, 조직 개편에 있어서도 조직에 대한 세부적인 근평을 못하고 부서에서 제출한 자료만으로 판단하는 것 같고

이에 대한 해소를 위해서는 직원들이 소통을 할 수 있는 기회를 많이 주어야 할듯합니다. 한 사람이 여러 부서에서 근무할 수 있는 기회로 안목을 높여서 각 부서별 도정목표를 이행할 세부 이행목표를 만들어 그 이행목표가 정책수혜자에게 어떻게 다가가고 실제로 도움이 될 수 있는지를 근평 지표화 하여 실질적인 행정서비스가 이루어 질 수 있도록 하여야함.",도민의 의견 적극 수렴, .,객관적인 면담이 어려움,업무에 따른 성과관리 환경과 조건이 다르므로 직렬별 업무별 개별적인 성과관리제도 도입 필요,공정·공평·공평 근평 및 승진 제도,"일하는 사람만 계속 또 시키고, 성과나 일에 대한 보람은 느낄수 없습니다. 일 안하고 놀아도 월급받고 승진하는 사람들 조직의 사기를 떨어뜨립니다. "
"업무 소통 및 협조 교육훈련, 플랫폼 지원 및 활용방안 등","도민이 체감하는 성과라는 개념 자체가 모호하고, 도민들은 당장 내가 편한것을 위주로 그져 다 지원을 원하는 것을 즉각적으로 해결되면
체감된다고 느끼므로 단시간 내의 성과는 어려울 것으로 생각됨. 정책관리에 있어서 이미 성과 위주로 바꾼다고 숫자로 보여주기 위한 말장난 같은 목표로는 실질적인 개선은 되지 않는 다고 생각됨. 제정된 법의 테두리에서 집행되어야 하는 행정에서는 현실상 불가한 것들까지 법의 재,개정 등개선되아야만 되는 것들이 있음. 성과는 결과만을 보게 되는 것으로 생각되어 담당 공무원에게 업무부담이 늘어나 업무만족도가 떨어질꺼 같음.",자유롭게 소통하면서 여러가지 직원들의 의견을 표현할 수 있는 계기가 되었음,성과면담 시행여부 확인,없습니다,"시간충족형은 교육훈련의 질이 낮고
의무적 교육훈련시간 청렴, 사회복지 교육훈련제도는 필요가 없다고 생각함
자기 직무분야의 교육훈련을 자율적으로 할 필요가 있음","개인의 인사관련 기록 공개 : 가점이 언제 몇점이 등록되었는지,  인사점수와 순위 변동 사항 등"
정책에 대한 직원들의 정확한 업무 이해와 업무분담에 대한 유연한 자세,형식적인 민간인이 참여하는 위원회보다 업무담당자별 민간인과의 소통을 강화시키는 것이 더 효율적이라고 생각함,^^,형식적 면담에 그치지 않고 실질적으로 결과를 낼 수 있는 방식으로 개선이 요구됨,없음,본청 및 주무과·주무과·주무계를 우선시 하는 것,없음
참여하는 방법 교육훈련,"성과를 내는 도정을 위해 하는 업무이기는 하나, 분기별, 반기별, 연도별로 성과를 내기 어려운 분야도 분명히 있을것
매번 성과를 짜내어 자료 제출하라는 지시없이 몇년간 자율적으로 운영할 수 있도록 했으면 좋겠음","ㅇ 직원들과의 소통, 조직의 목표 및 방향 설정 공유
ㅇ 직원들의 목표와 조직의 목표가 연계되도록 토의
ㅇ 목표에 어느정도 기여하고 있는지 또는 기여했는지 피드백 가능",향후 운영과정에서 나타나는 문제점들에 따라 보완 필요,.,-,.
대민 접점에서의 소통방법,없음,성과면담으로 나의 현 상태를 진단할 수 있어 많은 도움이 되었습니다.,성과 면담 시 직원의 성과나 애로사항에 대해 면담하기보다는 형식적인 면담만 진행하여 정확한 성과 측정을 하는지 의문이 듬.,없음,이부분은 사실 체크하고싶지 않았으나 필수항목이라 하였음.,없음
수요자 중심의 사고를 할수있는 교육훈련이 필요합니다. ,업무 부담이 과중되지 않도록 지속적인 모니터링과 즉각적인 조치 필요,개인의 근평지표 입력,형식적인 면담이 되지 않도록 면담 방식 개선,딱히 없습니다. ,연공서열에 따른 인사 승진,"전보제한2년2년이상 장기근무자가 본인의 편의를 위하여 보류신청을 하는데, 이를 인사부서에서 기준에 의하여 미반영하여 전보제한2년2년이상 근무자 전보근무 전보·전보·보직"
효과적인 플랫폼 사용 방법,없음,"성과면담을 통해 부서장과 공식적으로 소통 할 수 있는 시간적, 공간적 기회가 생김","성과면담에 대한 실효성 없음
형식적인 면담...
",-,"교육훈련훈련 : 직렬별 업무특성을 고려한 교육훈련 지원 필요
성과급 : 성과급 원래 취지가 지켜질 수 있도록 기관 외 외부기관의 규제 등이 필요함",-
모든 소통은 공감에서 시작함. 공감이 선행된 교육훈련이 실시되어야 한다고 생각함,없음,부서장님과의 면담을 통하여 자칫 놓칠 수도 있는 세세한 것까지 상담이 이루어짐,"행정의 특성상 성과의 수치화가 어렵기 때문에, 목적전도 현상이 발생되므로 
부서원, 담당별 공동목표 및 성과달성을 이룰수 있는 조직구조, 진단방법 개선필요",성과관리의 실효성 확보를 위해서는 그 선결조건으로 기존 업무에 대한 과감한 다이어트가 반드시 필요함.,전보시 개인의 의사를 좀더 반영해 주었으면 함,대다수가 공감할 수 있는 인사관리 제도가 정착되었으면 함.
성과 위주 접근이 아닌 좀 장기적인 관점의 접근이 필요할듯 함,-,성과면담을 통해 소통의 기회 제공,형식적인 면담은 시간낭비,업무 상에 아이디어를 자유롭게 이야기하고 소통하는 분위기 형성이 되었으면 좋겠습니다.,"현재의 연공서열적인 승진체계에서는 일을 열심히 할 유인도 없고, 이런 승진체계에서 무분별하게 임기제를 받는것도 불만이 쌓일것임. 개방적이고 유연한 인사관리가 필요하다고 보여서 인사인사교류나 인사인사교류가 제한적, 소극적으로 진행되고 있는것도 문제라고 선택함",#NAME?
필요성 인식 교육훈련 및 정책소통플랫폼 자체가 또 하나의 업무과중으로 다가가지 않도록 구조화 필요,"단기간에 도민이 체감할 정도의 성과를 내기는 어려울것이며 토론회, 온라인 정책 참여를 유도하여 참신한 아이디어를 채택
 
예) 내가 도지사라면,.... 온라인 코너를 만들어 남녀노소 누구나 참여할 수 있도록  ",개별 출장이나 식사시간 이외에는 의견을 나눌 시간이 없었는데...직접 대면하면서 진솔한 대화가 가능했습니다.,형식적인 성과관리 타파,연공서열이 얼마 되지 않아 잘 모르겠음,"교육훈련훈련이 업무를 하다보면 시간을 따로 내기  힘든부분이 있어서, 그부분에 대해서는 교육훈련시 교육훈련에 집중할 수 있는 장소선정, 시간 등을 통해서 많은직원들이 원활히 교육훈련을 받을수 있도록 했으면 좋겠습니다.","연공서열 중심의 승진, 근평 제발 이젠 그만..."
플랫폼구축을 통한 성공사례에 대한 교육훈련,거창하고 보이기 위한 성과 위주의 정책과제보다는 사소한것이라도 소외받는 도민이 없도록 정책을 만들고 홍보하는것이 중요하다고 생각합니다. ,부서장께서 애로사항에 적극 귀를 귀울여 주시고 서로를 이해하는데 도움이 되었고 많은 도움을 주심,#NAME?,의견없음,"공평, 성과 중심의 전보·보직 및 근평 필요( 승진자리 위주의 승진 지양)",하급자의 상급자 근평 및 직원간 근평제도 도입 
적절한 대국민 소통 방법 교육훈련과  악성 민원인 또는 민원으로부터 직원 보호 대책 강구 필요,우선 업무하는 직원들의 복지 및 휴직 등 공석자리를 빨리 채워줘서 업무의 부담을 줄여 주어야 도민이 체감하는 성과에 관련 사항을 제대로 해나갈 수 있을 것 같다같,먼저 성과면담을 한다는데 만족함 ,성과면담이 개인의 성과에 직접적으로 반영되는지 또는개인별 능동적으로 찾아서 한일인지...업무 중간에 나온 결과인지.,.,"주무과·주무과·주무계로의 전보가 다음 승진에 있어서 차지하는 비중이 아직도 너무 크다. 
또한 전보·전보·보직은 없고 인맥에 따른 전보가 매우 많아 보인다
","필수전보·보직기간을 준수하는 것을 전제로하고, 전보를 희망전보하는 자와 인사권자의 허심탄회한 대화의 기회가 많아졌으면 함"
공식입장이 아닌 직원들의 자유로운 의사소통 보장,"도정혁신단은 제발 성과도출에 애태우지 말고 좋은성과를 낼수 있는 좋은 기반을 마련해줄 수 있는지를 고민해주세요
사업추진부서에 적용하기 쉽도록 도정혁신단에서 제발 시범 좀 해보고 요구할 것
멋지고 어려운 단어로 정책이 바뀐것처럼 포장하지 말고 정책내용에 고민을 더해주시기 바람
두루뭉술한 아이디어만 던지고 집행하라고 하지 말것",상사와의 소통,열심히 일하지 않아도 근무연공서열 등에 따른 성과근평 개선 필요 ,실현가능것만 하도록 지원 희망전보,"승진과 업무가 분리되어 있음.
어떤 분야의 최고의 전문가라도 그 자리가 승진자리가 아니면 승진이 안되거나 
승진해서는 안될 사람이 승진하거나 서로간의 경쟁만 유발하여 조직발전 저해",의견없음
"조그만 말실수, 행동실수에도 쏟아지는 비난과 공무원 품행을 말하는 조직에서는 아무리 플랫폼이 좋아도 소통이 불가능합니다.
자유로운 발언과 자기 주장이 가능해야만이 고객들과의 소통도 가능합니다.
말한마디, 글한줄도 국장, 과장결재가 나야하는 상황이면 실시간 소통은 불가능합니다. 그저 단순 민원처리만 가능하겠지요
그러면 일만 늘어납니다.",...,자유롭고 상호 존중하는 분위기,성과를 수치화 하기 어려움,부서 주 업무 뿐 아니라 부가적 업무 또는 돌말적 업무나 그 보조에 대한 업무참여 정도등도 함께 반영될 수 있는 성과관리지표 개발,"근평제도 : 직렬에 상관없이 모든 부서원을 대상으로 근평 평정 실시하여 도정 역량 향상
승진제도 : 전 직급, 직렬에 대해 연공서열 타파, 직렬별 승진 타파 등을 통해 무한경쟁 체제 도입으로 역량 중심의 승진제도 도입 필요
인사인사교류 제도 : 승진자에 대한 단순 기관 인사인사교류를 배제하고 역량과 역량을 고려한 적임자 인사인사교류로 도정에 기여토록 제도 개선","- 승진심사에 최근 3년 내지 5년의 인사평정결과를 보는데, 직급별 전체 연공서열에 대한 평정결과로 심사하는 것도 한 방법이 아닐까요?
- 일은 늘 성실히 깔끔하게 해야하는거니까요."
담당 직원들이 정책소통플랫폼 관리와 운영을 위한 추가 업무(가중)가 되지 않도록 전문인력을 전보·전보·보직하여 운영 필요 ,#NAME?,부서장과 만나서 개인적으로 의견을 나눌수 있는게 좋았음,서류제출을 위한 형식적 면담,.,승진 소요연수가 천차만별,.
너무 우리도만 생각하지말고 큰 그림으로 현장중심적인 대기업에서 일하는 방식을 교육훈련,현장에 적용하는 정책관리는 현장에서 일하는 공무원의 재량권과 판단이 중요함.  ,각각의 업무가 직원마다 상이함,형식적 면담 진행,직원 스스로가 자기 업무에 대한 성과계획 제출(1~2개),"전보제한2년으로 인한, 업무 유연화 방해, 불합리한 승진제도, 교육훈련훈련 비활성화 등",.
적절한 인센티브 제공,"혁신, 발굴, 신규 매번 자료를 만들라고 하지만 현 업무를 처리하기에만도 너무 벅찹니다.

현 업무사항에도 많은 발굴꺼리가 있지만 매번 기한에 쫓겨 과년도를 참고하여 작성하기에 급급합니다.

현재 과중한 업무들 중 필요한 일들만 하게 한다면 혁신과 발굴등에 관한 사항도 직원들이 되돌아볼 수 있는 시간적 여유가 생겨 좋은 아이디어가 나오지 않을까 생각해봅니다.",업무에 대한 부서장의 이해력이 높음 ,상대방과의 성과를 비교하기가 쉽지 않다.,^^,.,해당 부서에서 관련 업무의 경험이 전혀 없거나 미비함에도 불구하고 승진등의 이유로 해당업무 및 관리업무를 복수직으로 전환하여 부서업무 처리 및 관리에 있어 전문성이 결여된 의사 결정이 이루어지는 일은 없어야 합니다.  
.,#NAME?,직원의 고충을 들어주고 업무과정에 대해 설명할수 있는점이 좋았습니다. ,차후 미진한 부분 개선 방안 제시,"도민과의 소통, 투명 공공정보 공개 등의 취지는 좋으나, 각종 관변단체 및 도의회 관련인사에 의한 외압으로 공정·공평 정책방향 수립 및 추진에 어려움이 매우 크므로 행정을 보호하는 장치역시 꼭 필요함. 따라서 행정의 역할을 보호할 수 있고 우리 공무원들이 기운빠지지 않고 의욕을 가질 수 있는 장치역시 반드시 필요함","- 경상남도 보건환경연구원의 경우 보건연구사와 환경연구사의 근무 연공서열이 전국 보건환경연구원 중 최악의 비대칭으로 보건연구사의 경우 연공서열이 10년 이상이면 곧 보건연구관으로 승진 가능하나 환경연구사의 경우 인사적체로 연공서열이 30년 가까이 되어도 일부직원들은 환경연구관으로 승진이 어려운 상태입니다. 현재 승진대상인 보건연구사들의 경우 공무원 연공서열이 환경연구사들에 비해 약 20년 뒤에 들어와도 비슷하게 승진하거나 더 빨리 승진하는 것은 같은 기관에서 근무하는 환경연구사들의 경우 상대적 박탈감과 크나큰 업무 사기 저하로 이어지게 됩니다. 보건 쪽의 경우 올해들어 코로나 검사 등으로 중요 업무를 맏고 있다고는 하나 이는 실험실에서 하는 분석업무이고, 일선 현장에서 환자들을 직접 상대하며 고생하는 보건소 직원들에 비해 비슷하면 비슷했지 노고가 더 크다고 할 수는 없을 것입니다. 하지만 현실은 연공서열이 20년이 차이가 나도 운 좋게 먼저 승진하는 현실이 곧 오기에 이에 대한 개선이 필요하다고 판단됩니다. 이와 같이 보건과 환경의 연공서열차이가 큰 다른 보건환경연구원에서는 이를 보완하기 위해 보건연구관의 일부 자리를 환경연구사가 승진하여 업무 할 수 있도록 복수직을 도입하여 보완하고 있습니다. 이에 경남 보건환경연구원도 타 시도와 마찬가지로 연구관 전보·보직 자리를 보건연구관과 환경연구관 복수직 추진이 필요하며 직원들의 성과근평도 부서별이 아니라 기관내 연구직 전체 근평도 필요하다고 판단됩니다. 지나치게 비대칭인 경우 균형잡힌 근평에 대한 제도적 보완이 필요합니다.          ",.
#NAME?,없음,업무추진에 문제가 있거나 개인적인 문제 등을 말할 수 있는 통로가 되었음,특정 날짜가 아닌 주기적인 면담도입,국내 및 대외 여건 변화 발생시 도민을 위해 해당 부서에서 무엇을 추진해야 하는지를 제시할 수 있는 멘토부서(가칭) 신설이 필요하다고 생각됨,일반직이 충분히 할 수 있는 업무를 임기제를 채용하여 위화감 및 상대적 박탈감 조성,"대부분의 공무원은 자기 일에 열심히 한다고 본다. 발탁인사보다는
배제인사를 통해 자질이 부족한 직원은 사업소로 전보·보직. 6급 계장 퇴직.
직장내 활력과 연공서열에 밀려 승진 못하는 열심히 일하는 대부분의 직원 보호
역량이 부족해도 한두번 승진에서 밀리면 결국에 사무관이상 승진함."
"자율,인센티브",.,담당업무의 중요성에 대한 공감 형성,같은 기간 근무하는 상사와 주기적인 성과면담은 필요없음. 인사로 교체되면 발령 이전의 성과에 대한 근거자료가 부족함에 따라 증빙자료 보관 및 활용 필요함(성과면담 자체가 하나의 업무가 되고있음),서식을 바꾸지 않았으면 좋겠습니다.,--,"ㅇ 실국장(실과장과 협의), 사업소장에게 실국 전보·전보·보직 직원에 대한 과(사업소는 하부 기관) 전보·전보·보직 권한 부여
  - 일부 중앙부처에서는 장관이 국까지 발령하면 국장이 과별로 재발령을 하고 있음."
-,성과위주 보여주기식 정책 지양,현업무 추진(성과)에 대한 칭찬과 격려가 일을 추진하는데 있어 더 노력 할 수 있도록 한 계기를 만들어 줌,"형식적인 면담이 아니라, 업무 및 업무환경 등 전반에 걸친 면담이 필요함
1인당 할당시간이 너무 짧음(보통 5~10분)",1,기술직렬의 기준이 자주 바뀌어 예측할 수 없음. 전보시 1주일전에 게시하여 인수인계와 거처를 마련할 시간 필요함,"나이, 건강, 가정사, 출산육아 등으로 휴직을 사용한 직원에 대한 근평에 관용이 베풀어지는것은 조직기강을 헤이하게 만듭니다. 그러면 누구나 승진과 거리가 멀때는 휴직을 내고, 승진이 임박하면 복직하여 바짝 근무하면 근평받는 문화가 극심해 질텐데 묵묵하게 조직에서 열심히 맡은 바 업무를 수행하는 직원들에게는 매우 공정·공평합니다. 개인사가 없는 사람은 아무도 없습니다. 그것을 어떻게 최선을 다 해 컨트롤하고 핸들링하느냐가 조직에 대한, 본인 업무에 대한 책임감으로 나타난다고 생각합니다. 아울러, 직렬과 직급에 관계없이 역량이 있고, 부서장이 원하는 직원은 어느 부서든 가서 근무 할 수 있는 환경이 만들어졌으면 좋겠습니다."
"플랫폼을 정착시키기 위한 도민과의 소통역량 배양, 정책 전반을 두루 아우를수 있는 연공서열이 어느정도 되는 직원이 관리하는 것이 필요함
플랫폼 운영 등은 정보빅데이터담당관실에서 검토가 필요함","한정된 자원만 투입 가능한 환경에서 무분별한 수요 제기는 능률성와 효과성을 저해시킴. 모두의 의견이 동일하게 가치가 있는가에 대한 재고가 필요함. 
",직원에 대한 관심으로 사기진작,명확한 성과가 보이는 사업과 없는 사업이 있기 때문에 면담을 위한 성과를 억지로 작성하는 게 힘듭니다.,.,미작성,"직렬간 승진편차가 많이 나지 않도록 복수직 확대를 필요,  조직내 직원.상사간 고충이 있는 직원이 전보 희망전보요청시 우선 전보 실시"
미작성,"도민의 입장에서 생각해보고 정책 제안서를 만들고, 아무리 사소하고 형편없어 보이는 내용이라도 무시하지 않는 윗분들의 자세도 필요하다고 봄",성과를 내기 위해서 각자의 자리에서 노력할 수 있는 여건 마련,1,.....,"- 기피지역 의무적 순환 근무 실시
- 근평 오지 근무 점수 반영
&gt;&gt; 기피지역은 근무했던 사람들도 어떻게든 빨리 들어가고 싶어하고
    인력지원도 힘들기 때문에 남아 있는 사람들은 격무에 시달리는 악순환
    그러면 또 그쪽은 힘들다는 인식이 팽패해 더 기피하게 됨",불만을 모두 없애기엔 힘들겠지만 더 나아질 수 있도록 부탁드립니다.
"의무, 강제적 업무가 아닌 자발적 참여가 가능한 업무 분위기와 다양한 소통 의견 수렴 채널 구성",행정에서의 '성과'개념은 계량화가 어려운 것임을 감안하여 합리적이고도 현성과인 정책설계 및 정책목표 설정이 필요. 간부공무원의 성과내기(도구)를 위한 업무 설계가 되지 않았으면 함.,관심,공개적 장소외의 장소변화 필요,-,"과도한 임기제 임용으로 결재에 많은 시간 허비, 전문직도 아닌 임기제 임용으로 같이 근무하는 직원들의 스트레스",1
직원 충원,명확하고 어려운 단어보다는 좀 더 알기 쉽게 표현하는 정책 홍보가 필요,상급자와의 소통,성과에 대한 객관적인 근평이 가능한지에 대한 의문이 듦,"성과관리는 도민을 위한 정책을 펼치는데 직접적으로 필요한 것이 아니고 효율적으로 일하는데 도움이 되는 수단이어야한다고 생각함
성과관리 자체가 큰 일거리가 된 느낌임","하부직원이 인맥을 떠나 기간이 되면 승진할 수 있는 가능성이 필요, 일부 현장부서 사업소에만 근무할 수 있는 직원들은 승진 가능성 없다는 절망을 안 주게 시스템 필요",.
보고중심업무보다 현장중심 업무필요 ,문어발식 정책을 계속 만들어내기보다 장기적으로 꾸준히 할 수 있어야 합니다.,구체적인 업무 진행 사항과 업무 진행 시 애로 사항을 파악,계량화되지 않는 업무에 대하여 판단하기 어려움,없음,"전보 시 열심히 일잘하는 직원에 대해 업무량이 많거나, 중요도가 높은 업무에 전보·전보·보직하나 그것이 곳 승진으로 근평이나 승진으로 이어지는 것은 아닌듯 합니다. ",기술직렬 배려
SNS 활용 방법,#NAME?,.,현행 성과면담제도는 형식적인 측면이 있음,없습니다.,"근평제도가 가장 개선이 필요하다고 생각함. 
1. 개인정보라는 이유로 인사와 관련해서는 절차와 해당결과 등 정보 공개가 없음.
2. 국 단위로 평정을 해서 인사과(인사위원회든지 아님 전체 실국장이 모여서 하는지, 사실 잘 모름. 공개를 하지 않아)에서 근평을 하는데, 승진 대상자가 속해 있는 국별로 해당 직렬의 비중이 높은 실국의 근평결과를 우선 반영필요. A국에 1명 있는 직렬이 1번을 받아서 올라오고 B국에는 15명 있는데 1번을 받아서 올라오는데,,A국 직원의 순위를 높게 주는 사례가 있었음. 
3. 2번과 같이 하도록 인사에 영향을 미치는 인사위원이 있다면 배제시켜야 함.",-
"도민과 소통하기 위하여 회의 등을 위해서는 너무 많은 에너지가 필요하여, sns를 활용하는 것이 좋은데 업무를 하면서 하는것은 직원들 입장에서는 힘듦. 

하루 정도는 관계부서 직원이 모두 자유롭게 참여하여 도민과 소통할 수 있도록 하는것이 필요 ",의견없음,성과 계획 공유로 소통 활성화,11번 답과 같습니다.,성과라는 말 자체가 본인이 맡은 사무에 대한 책임을 지는 것임. 그러나 정책발굴을 하는 부서도 있지만 민생업무 및 단순 업무를 하는 부서도 있음. 그런 부서에서 일하는 직원과 정책을 만드는 직원과의 차별이 없어야 됨.,현 제도 상 성과를 객관적으로 근평할 수 없음,"도정혁신추진단, 사회혁신추진단, 통합교육훈련추진단, 청년정책추진단, 의회 입법담당관 등 예전에 없던 조직이 늘어나면서 기존 부서에 인원이 부족한 실정임"
공개 관련 교육훈련 및 시스템 활용법,"능동적으로 일할 수 있는 시스템 구축
- 현재는 감사를 대비하여 각종 규제의 한계내에서 업무를 추진할 수 밖에 없는 시스템
- 담당자가 수행할 수 있는 보폭을(허용치) 좀 더 확대한 시스템이 필요",.,"우리조직은 성과를 내는 부서와 직원이 있고 이를 지희망전보전보와 직원들로 구성하여 성과를 내는게 현실인데 개인별로 성과를 근평하는것은
모순이다. 근평을 부서별로 하여 폭넓게 도민들의 삶 질을 높일수 있는 성과를 내도록 유도하여 나가야한다.",10-2 답안 참조,2. 실제 현장에서 묵묵히 일하는 사람이 대우받을 수 있는 근평제도 마련 필요,인사과만 승진을 독점하는 자리가 되지 않았으면 합니다.
"주입식 전문가 교육훈련보다는 직접 체험할 수 있는 교육훈련제도 마련, 업무에 무리가 없는 범위내에서 실시할 수 있도록 교육훈련 기간 등도 조정 필요 ",적극행정 공무원 면책제도,"업무 처리시 문제점이나 애로사항을 상관과 의논하고, 개인적 고충사항에 대해서도 이야기할 수 있는 자리를 만들어 준 것이 좋았음",객관적 매뉴얼 및 근평방식,업무 절차의 간소화로 본연의 정책 깊이있게 추진  ,인사관련 하여 제도 개선의 의지는 있는지... ,없음
잘 모르겠음,.,개인별로 성과목표와 성취에 대하여 상호 토론이 가능함,성과면담의 결과에 대해 신뢰가 가지 않는다.  또 하나의 일만 만드는 것이 아닌가 하는 생각이 든다.,없음,"이전에 근무한 부서로 발령을 자주 낸다는 것은 적소적재적재가 아닐 수도 있다는 것을 판단하지 못한 것임
개인에 대한 역량과 자질과 역량을 잘 근평하여 맞는 업무와 에너지를 낼 수 있는 부서(사람)로 발령을 내어야 하며
그런 시스템을 기업처럼 개발해야 함",따로 없습니다.
공무원에게 또하나의 고민스러운 쓸데없는 일거리가 되지않도록 접근성과 편리성 용이,"실국별,부서별 구축은 예산낭비 및 관리 인력 낭비로 이어질 수 있어, 도 자체적으로 통합적인 플랫폼 구축을 통해
해당 플랫폼 내 분야별 정책을 홍보할 수 있게끔 설계하는 것이 바람직하다고 사료됨",부서장이 개인별 업무에 관심을 가지고 소통할 수 있는 부분이 좋았음,성과결과에 대한 보상,.,일관성 없는 인사와 많은 임기제 채용으로 사기 저하,인사관리는 어렵다. 다양한 사례가 있고 권력자들의 의견에 휘둘리고 그럼에도 원칙을 최대한 지키려고 노력하는것은 알지만 좀더 노력해주기 바람.
이게 서무들이 한다고 됩니까 ? 반영이 되나요 ? ,도민참여 정책제안 활성화,부서장이 앞으로 해야할 업무에 대하여 명확한 방향을 제시하는 계기가 되었음,성과계획 수립의 명확화 선행 필요,음,"직력은 정해진 자리밖에 갈 수 없으며, 그 부서가 고인물 정도가 아니라 썩은물 수준일때 본인의 성장은 물론 
정상적인 직장생활조차 기대하기가 어려움. 
물론 직렬이 중요하긴하나 꼭 해당 직렬이 아니어도 충분히 할 수 있는 일이라고 생각함
물론 전공자, 직렬에 대한 지식도 중요하지만 공통된 업무를 많이 하기문에 어느정도 적응기간을 거치면 할 수 있는
희망전보하는 타부서에서도 근무할 수 있거나 인력순환이 어느정도 필요함","인사만사라했습니다. 모두가 평등하고 불만이 없도록은 안되겠지만, 최소한 언제쯤은 승진 되겠고 언제 어느부서로 움직일것인지를 
예측이 가능하도록 인사시스템을 고정하여 운영해주기 바랍니다."
"상사들의 결재, 상사취향, 상사입맛에만 맞는 딱딱한 업무보고, 보도자료식의 홍보자료가 아닌 젊은 직원들의 시각과 관점, 아이디어를 수용하여 현시대 흐름에 맞는 SNS 등의 정책소통 플랫폼 운영  / 또한 관련업무 전속담당직원 선정하여 플랫폼 지속 운영 및 홍보 필요. 도민들은 도에서 지원하는 사업들을 알지못해서 참여하지 못하는 경우가 더많음.  지속적인 홍보와 정보노출을 통해서 최대한 많은 도민들이 참여하고 체감할 수 있는 도정정책을 실행할 수 있어야함. 좋은 사업을 만드는 것도 좋지만 그전에 가장 중요한것은 도민들이 알게 하는 것임.
  ",^^,만족함,성과면담이 제대로 실천되지 못하고 있음,처음 도입되었기에 초기 정착에서 사례를 개선하는 방안으로 방향 ,객관적인 역량보다 아직도 다른 요인들에 의한 불이익을 감수할 수 밖에 없음,인사는 투명하게 정책업무 절차를 쉽고 간결하게 하였으면 좋겠습니다.
현장의 요구를 반영하여 빠르게 소통할 수 있는 방법의 교육훈련,"ㅇ 각 실국 또는 실과별로 기존 정책고객(협회, 단체 등) 모임이 있음.
ㅇ 분기별로 실국 또는 실과에서 자유스럽게 고객과 소통할 수 있도록 회의 예산 등을 지원
   - 때에 따라서는 워크숍 등의 1박 2일 집중 대면 토론도 필요함.",소통의 창구가 되므로,"면담 과정과 결과가 성과근평에 일정부분 영향을 줄 수 있는 방식 고민
- 지금은 너무 형식적임","지금 하고 있는 일의 가치과 파급효과 등을 공유하고 
함께 공동의 목표를 이뤄가기 위한 동기부여 기회 제공이 필요함
무슨일을 열심히 하기 보다는 왜 이 일을 힘들지만 해내야 하는지에 대한
동일한 가치관 공유가 선행되어야 할 것임","전보, 전보·보직의 경우 직원들의 의견을 좀 더반영하여 이루어 질 수 있도록 해주세요.",.
직원들부터가 정책에 대한 이해가 있어야하고 결과중심과 보고중심의 업무추진으로 비효율적인 진행이 되지 않도록 간부공무원 등 교육훈련이 필요함. 또한 SNS등 활용 시 젊은 직원들에게만 시키는 경향이 있으니 6급이상 직원들에게 SNS관련 교육훈련 지원도 필요,"도민과의 소통, 투명 공공정보 공개 등의 취지는 좋으나, 각종 관변단체 및 도의회 관련인사에 의한 외압으로 공정·공평 정책방향 수립 및 추진에 어려움이 매우 크므로 행정을 보호하는 장치역시 꼭 필요함. 따라서 행정의 역할을 보호할 수 있고 우리 공무원들이 기운빠지지 않고 의욕을 가질 수 있는 장치역시 반드시 필요함",직원의 성과를 인정해주고 더 많은 성과를 낼 수 있도록 격려해주었다,성과면담이 공개적인 공간에서 이루어지는 경우 개인프라이버시 침해,근평과 같이 가야함,다양한 분야의 인사인사교류를 통한 내외부적 발전이 필요함,.
"소통 체계의 단순화, 구어체 형태의 친근한 소통법과 실시간 소통이 가능한 업무 환경","정책소통플랫폼을 운영하여 월별 또는 분기별 도민이 필요 사업, 건의사항 등을 수렴",상호 소통,형식적으로 진행됨.,인성 부분도 포함되어야함,"예산, 인사 등 일부 전보·보직에서의 우선적인 승진등이 이루어 진다는 인식이 강함",음
정책의 중요성에 대한 교육훈련,도민이 직간접으로 참여하여 성과가 발생할 시 이를 데티터화하여 참여자엑게(도민) 보상을 주어야 함,만족함,성과가 잘 드러나지 않는 반복적인 업무에 대해서도 성과로 인정될 수 있도록 개선 필요,없음,전보·전보·보직에 따라 공무원들이 가장 중요시 하는 승진이 결정지어지고 때문...,인사가 밀실이 아니라 보다 공개적이고 합리적인 방식으로 공개하게 움직였으면 하는 바램임
담당자의 권한 강화,불필요한 보고서를 줄였으면 좋겠습니다.,업무에 대한 이해를 해주는것,면접보다는 상담의 역할인듯합니다..,지사님 공약사항이나 지시사항 등 언론에 자주 부각되는 업무만을 중요시하는 경향이 다분함.,"승진제도 개선이 필요함. 
",승진 시 현직급 승진일도 중요하지만 최초 발령일 반영필요(시군에서 도청으로 늦게 전입하여 승진이 늦어지는 경우가 많음)
고객의 입장에서 소통하기 쉬운 플랫폼을 운영할 수 있도록 다양한 플랫폼들의 운영실태와 성과에 대한 교육훈련이 필요하다고 생각합니다.,1,평소 본인의 업무에 대해 다시 생각해 보는 계기가 됨,성과면담이 필요한 점은 인정하나 시간부족 등 현성과인 어려움이 있음.,.,전보 같은 경우에 항상 인사 때마다 불평이 나오는 걸로 알고 있습니다. 제도의 특성상 모두를 만족시킬 수 없는 것은 잘 알고 있습니다. 따라서 전보에 대한 기준을 명확히 하여 필수적인 경우 빼고는 그 기준을 준수하여 불만을 최소화 하는 방향으로 시행되었으면 하는 바람이 있습니다. ,인성도 인사관리가 필요함
"직원들에게 정책소통플랫폼에 대해 충분히 알리고, 또 이용방법과 같은 전반적인 사항에 대해 체계적인 교육훈련과 메뉴얼이 만들어지는 것이 좋을 것 같습니다.",체감하는 쉬운 사례를 발굴하여 누구나 접근할 수 있도록 인식 개선이 필요합니다. 체감하는 성과라는 의미가 어렵습니다.,설문 내용이 자세하게 되어있음,실제적인 성과면담 필요,.,"전보의 기준을 가능한 준수해야 하고 전문성이 요구되는 전보·보직에는 본인의 원에 의해 장기간 근무 가능토록 개선
기술직렬의 경우 적체되어(6급→5급) 승진이 극히 어려움, 일정인원은 승진시험 시행 등 방안 검토   ",없음
"성공 사례 교육훈련, 현장활동 지원",#NAME?,결재 시에 하지못하는 부분을 소통할 수 있음,"신규라 한번 밖에 안해봤는데, 조금 형식적으로 하는 느낌입니다.
",자유로운 의견반영이 필요하다고 봅니다,인식개선,인사과 인력을 다양한 직렬로 구성 필요
공감교육훈련,-,면담을 통해 상사와 부하간 이해도 높임,"먼저 업무분장의 공정·공평, 업무이행 자율성 등이 보장선행",없음,"백프로 완벽한 인사가 없다는 것은 직원 모두 잘 알고 있습니다. 그러나, 전보, 전보·전보·보직에서 원칙이 없는 인사는 공정·공평에 대한 의심으로 신뢰를 잃게 됩니다. 조직과 직원 개인간의 신뢰 관계가 밑바탕이 되어야 개인의 동기부여를 통한 조직의 성과를 말할 수 있다고 봅니다. ","조직문화 개선 필요
인맥, 인맥
*불필요한 초과근무수당 개선 필요(5급 관리업무수당으로 대체필요)
"
"정책소통의 이해(취지, 목적 등) -&gt; 목적을 달성할 수 있는 소통방법 -&gt; 정책소통플랫폼의 기술적인 활용방법",도민이 쉽게 제안할 수 있는 제안 창구를 마련하고 제안창구에는 어떤 제안들이 들어오는 지 다른사람들도 공되 수 있는 방법 마련 필요,1,투명 재고를 위한 근평 공개 및 이의신청이 자유로워져야함.,업무적으로 맺어진 관계 속에서 문제점 등을 논의하기가 직원 입장에서 어려울 수도 있음. 상하간 인간적인 관계를 맺을 수 있는 시간도 마련하는 것이 필요할 듯함,고생하는 부서나 자리에 우대를 했으면 좋겠음,"조직개편이 있다 할지라도, 관련 업무를 전보제한2년2년하고 나면, 전보할수있게 해주셨으면 합니다."
정책소통플랫폼이 뭔지 교육훈련 필요,"업무보고, 보조자료, 회의자료 등 페이퍼 보고를 위한 행정에 치중되어있는 점을 고치면 좋을듯 합니다.",부서장의 직원 개개인의 신상 파악을 할 수 있음,공개및접근성,자연스럽고 상시적인 소통이 필요함,"기준없는 전보,전보·보직 시행",.
전담직원 지정 및 직원간 적극 협조(자료 공유 등),도민이 직접 정책관리에 참여를 하고 해결되는 과정을 확인할 수 있는 시스템 구축,부서장님께서 업무파악이 잘되어 있어서 공정·공평 심사가 이루어짐,형식에 치우친 면담,.,다양한 업무경험을 위한 인사인사교류 제도 및 부서전보·전보·보직(전보) 등을 최대 전보제한2년2년이 되면 신청할 수 있는 제도 및 분위기 조성이 필요함,업무난이도가 높아서 일정기간 이상의 업무경험이 필요하나 부담감 등으로 인해 전문관으로 근무를 기피하는 자리가 있습니다. 현성과인 인센티브를 부여해서 역량있는 직원들을 유인할 수 있도록 해 주시길 바랍니다.
"정책을 추진하는데에 필요한 기획, 보고, 홍보, 예산지원 등의 전담인원을 넉넉히 차출하여 하나의 부서로 만들고 다른 직원에게 강요하거나 하면 안됨
자기 일도 바쁜데 또다른 업무추가로 여겨지면 더 참여율은 저조할 것임",서비스업종에대한 지원 및 홍보 강화,.,.,없음,교육훈련점수만을 위한 교육훈련훈련으로 운영되고 있다고 생각됨,"정원 대비 현원 전보·전보·보직을 지켜졌으면 함, 지속적 결원으로 업무 부담 가중과 근무 의욕 저하"
유형별로 모범 사례를 발굴하고 플랫폼 구성부터 운영까지 메뉴얼화 하여 점차적으로 확산방식으로 운영 바람직,도민도 어렵지 않고 도청직원도 어렵지 않은 플랫폼 구축,.,소통의 문제이지 굳이 성과면담을 실시할 필요는 없다고 생각함. ,투명 재고를 위한 근평 공개 및 이의신청이 자유로워져야함.,"전보 전보·전보·보직 제도 - 인맥이 아닌 합리적인 기준에 따라 운영되었으면 좋겠음. 
교육훈련훈련 - 교육훈련 들을 시간 부족. 눈치 보고 교육훈련을 들으러가지 못하는 문화 개선 필요","기술직렬인데, 갈 수 있는 과가 2~3과로 제한적입니다. 다양한 과에서 업무경험을 쌓고, 다양한 직렬의 계장님들과 일하고 싶습니다.
부서별로 to를 유연하게 만들어주시면 기술직렬의 역량 향상에 도움이 될 것입니다. "
적극행정 교육훈련,새로운 업무 추가로 직원들의 피로도가 증가 할 것으로 예상되므로 적정 업무량 배분과 시군 동참을 통해 도민 성과 체감도 향상 필요,., 딱딱한 사무실 대신 점심 또는 점심시간 티타임 등 편안하게 의견교환 할수 있는 환경 필요,없음,이미 보이지 않게 정형화된 공식되로 운영됨,"0 모든 직원이 전체연공서열에서 선호부서·보직에 반드시 1회 이상 경험을 쌓도록 제도화
0 주무과·주무과·주무계 주무과·주무계 또는 주무과·주무계에서 근평자료를 처리하는 현행 시스템 개선필요
  -&gt; 일정기간 개인별 성과를 입력하는 정량 중심 시스템 구축(기본적인 인적사항 최초임용일, 승진일 등 포함)
  -&gt; 개인별 업무별 계량화가 현성과로 어렵겠지만 혁신적인 제도도입 필요 
0 선호부서·보직 근무자 현부서 근무횟수 공개(담당업무까지 구체적으로 적시)"
"처음부터 정책이 소통된다는 의식 개선, 수직적인 조직 분위기에서는 정책소통플랫폼은 단시간내 정착되기 어려울 것으로 판단",사실상 많은 사람들이 도정 정책에 관심이 없다. 자칫하면 도정 정책에 먼저 선점한 사람들이 혜택을 다 가져갈 수 있다. 많은 사람들이 참여를 하여 의견을 제시하는 것이 중요하다. ,.,형식적으로 내용적인 면에서 더 공감하는 성과면담이 되어야 함,-,당시의 분위기나 어떠한 외압에 의해 흔들리지 않는 기준이 있었으면 한다. 누구는 반년도 안되 자리를 옮기고(밀어내기?) 또 어떤이는 소위 말하는 선호부서·보직만 골라서 가고.. 새로운 업무파악 등에 에너지 소비를 줄이고 민원인이나 시군에서도 불편을 덜 느끼는 행정을 할수 있게 배려를 부탁,.
외압과 강제적지시 없이 소신껏 일할수 있는 환경,성과에 따른 과감한 인센티브 부여,.,업무에 대한 이해가 선행되어야 함,성과근평 제도 절차를 간략히 하였으면 좋겠습니다,근무한 곳에 계속 전보·전보·보직하는 사례 지양,선호부서·보직에서 근무연공서열이 있는 직원들이 한번 근무해본 경험으로 그런 자리로 계속 돌고있음. 여타부서에 근무하는 직원들은 선호부서·보직에서 근무할수있는 기회조차 없음. 여러직원들의 다양하게 경험해본다면 경직된 정책에서 벗어나 다양한 정책이 나올수있음 
민간인과 협업할 수 있는 소통력 강화,도민이 정책에 참여하기 위한 인센티브 부여 방안 검토 필요,.,특정 직렬의 일방적인 근평 좋게 주기 없애고 헙리적이고 객관적인 근평 요구와 인원수 비례한 직렬참여 요구,없음,"임기제는 전문적인 지식을 보유한 민간 전문가를 채용하여 도정에 기여하게 하는 것으로, 임기제 직원을 통한 민간 업무 노하우를 공무원에게 전파할 수있도록 효율적으로 운영되었으면 함",투명 재고를 위한 근평 공개 및 이의신청이 자유로워져야함.
"성공사례에 관한 내용 공유, 담당자 자율로 운영할수 있는 권한, 성과에 대한 독촉 지양",음,.,직렬별로 나누어 성과관리를 하였으면 함,특별한 사항없음,개인의 장단점과 역량을 파악한 적소적재적재 전보·전보·보직이 필요함,객관적이고 공정·공평 인사.
플랫폼 참여에 대한 당위성 교육훈련 및 근평에 반영,"도민에게 정책을 쉽게 설명하고 이해하게 할 수 있는
중간조직 설립 및 지속적인 홍보 추진",.,성과 면담은 실시하고 있으나 성과면담을 통해 성과관리와 성과목표 달성과 직접적인 연계가 되고 있는지 의문이다.,전보의견 수렴 공개,일부 직원의 편중된 전보 · 전보·전보·보직으로 다수의 소외감 ,-
본연의 업무부터 철저히 하면 새로운 정책에 대해 자유로운 의견개진의 장 조성 필요,도청 홈페이지 활성화 및 최신자료 업데이트 필요,.,성과면담을 자유롭게 할 수 있는 조직분위기 조성," 성과관리를 별도로 하지 말고, 근평을 하면서 성과와 추진내용을 같이 정리하면서 제출하는게 중복업무 방지에 도움이 될것임.","여직원들의 서부청사 근무시 전보제한2년 준수(전보제한2년2년). 남자들만 전보제한2년2년 꼬빡 채우고 창원청사로 복귀하고 있음.
여성평등, 성평등에 어긋남. .",적절한 인사 적소적재적재 전보·전보·보직 부탁드립니다 
정확한 목표와 목적 제시,갑질근절,.,성과관리 업무 자체가 업무량을 가중시키는 것은 바람직하지 않음,.,"ㅇ 공급자 중심의 전보, 전보·전보·보직",없음
"(교육훈련) 제시되는 의견의 긍정적 검토 필요성
(지원) 업무량 증가에 따른 인원 증원과 인센티브 제공",.,.,.,조직 유지 관리를 위한 기본업무와 현안 관련 스포트라이트 받는 신규업무 수행과 관련된 성과관리 시 차별이 없도록 하는 것도 중요함,근평의 현성과인 기준 필요,없음
플랫폼에 대한 최신 트렌드 관련 교육훈련이 필요,조직문화 개선,.,.,11,"전보·전보·보직이 관리되어
위에 직급으로 승진을 해도 예전에 근무했던 부서로 감
사업부서에서 근무했던 사람은 계속 사업부서에 근무하고
지원부서에 근무했던 사람은 계속 지원부서에 근무함으로써 서로간 업무에 대한 이해부족 및 다양한 행정경험 부족","열씨미 일하는 직원에게 보다 나은 인사반영되어야함.
기피·기피·격무부서인 경우 더욱더 많은 근평을 주어야함.
국단위 과서열로 근평을 부여하는 것은 아주 타당하지않고, 직원들의 사기를 떨어뜨리는 행위임.
어디 부서든 가서 열씨미 일하고, 성과를 내면 좋은 근평을 받을 수 있어 자연스럽게 그 자리에서 열씨미 할 수 있는 문화가 되어야함. "
"도민에 대한 소통도 중요하지만 
직원들간의 정책소통도 중요함",.,.,.,"성과관리라는 이름이 또 다른 부가업무가 되지 않았으면...
",인사인사교류 : 부처간 상호 인사교류가 아니라 너무 많은 도청인원을 중앙부처에 갖다 바치는 식의 인사교류 재검토 필요,"현재 국 주무과·주무과·주무계 주무과·주무계 위주로 근평이 이루어지는 바 연공서열 등 그동안의 노력도 헛되이 되지 않도록 직원전보·전보·보직시 고려하여 실시
연공서열 차이가 많이 나는 직원을 주무과·주무계에 전보·전보·보직하여 근평을 어지럽히는 일이 발생하지 않았으면 함"
제안 사항은 무조건 긍정적으로 검토하는 자세,.,.,.,"특정 직렬의 일방적인 근평 좋게 주기 없애고 헙리적이고 객관적인 근평 요구, 직렬 구분 근평실시로 합리적이고 객관적 근평으로 불이익 해소","전보 시 직원의 역량을 파악하여 적소적재에 전보·전보·보직할 수 있는 방안이 필요.
(적성, 전공, 그간 전보·전보·보직 등에 따라 직원이 어는 업무에 전보·전보·보직할 지 파악 필요, 직원 역량 결과가 달라질 수 있을 것으로 판단됨)",인사관련 모든 (전보. 근무평성정. 인사이동) 업무 공개 
없음,일회성 정책이 아닌...현성과로 가능하고 지속적인 정책관리가 필요함,.,.,없습니다,-," 동계휴가외 분기별 휴가제도 운영 건의, 

 평상시에 개인에게 5일 연가쓰라고 하면 실제로 쓰기가 어려워

 분기별 휴가제도 운영으로 자연스럽게 분기별 휴가를 사용하는 조직문화 조성하여

 하절기 집중되는 휴가로 인한 행정공백 보완 필요, 하급직원은 가고싶은 날짜에 휴가가기 어려움"
"플랫폼에 거론되는 의견으로 인해 업무가 너무 늘어나버리면 직원들이 너무 힘들어질 것 같습니다. 
취지는 좋지만 적당히 업무화 될 수 있도록 과정이나 추진에 있어 신중을 기해 주셨으면 합니다. 
플랫폼으로 인한 부정적 효과들이 최소화 된다면 크게 직원들에게 교육훈련과 지원은 필요없을 듯합니다. 
(이미 직원들은 업무를 어떻게 처리해야 될지 알고 있으니까요...)","도민이 체감하는 성과관리를 위해서는 업무에 대한 체계적 홍보가 매우 중요함.
",.,.,성과관리 자체가 가중한 업무가 되지 않도록 제도를 개선하기를 바람,당연한 이유임,.
정책소통플랫폼이 뭔지 정확하게 모르겠음. ,없음,.,.,.,...,없음
. ,"자신에게 부과된 일상적 업무를 처리하는 데 급급해서 도민과의 소통 등의 진행과정을 생각해 보지 못할 가능성이 많습니다.
정책 결정 과정에 도민과의 소통을 의무화한다면 성과는 높게 나타날 수 있을 것이라 생각합니다.
다만, 도민 역시 각자의 이익집단들이 포함되어 있기 때문에 그들의 이익충돌로 인해서 선의의 정책이 결정되지 못하거나 의도하지 못한 방향으로 흘러갈 가능성도 높기 때문에 이러한 부분을 제어할 방안도 고민해 볼 필요가 있습니다. ",.,.,.,"객관적이고 투명 승진제도와 근평기준이 이루어질 수 있는 제도가 필요할 것 같습니다. 모든 직원이 근평의 기준, 가산점과 가점에 대한 범위 확대를 통해서 성과에 상응하는 근평을 받고 있다는 생각을 가질 수 있었으면 합니다. ",인사이동시 전문성을 고려하여 인사이동
"플랫폼의 명확한 목적과 활용 범위, 성과 연계 등에 대한 교육훈련과 지원이 필요합니다.","정책 전반에 걸친 참여 (수요파악, 진행과정, 성과공유 등)",.,.,.,"직원에게 다양한 기회를 주는것이 중요한데 사업부서, 지원부서 간의 불균형이 심하여 직원이 업무를 다양하게 할 수 있고 역량을 발휘할 수있는 전보·보직이 필요하다고 생각됨","성과급 선정 위원회 개최시 특정 직렬(직렬)의 과도한 인원 제한하고 다양한 직렬과 인원 비례하여 함께 참여할수 있도록 제도적의 보완 필요,
직렬 구분 근평실시로 합리적이고 객관적 근평으로 불이익 해소"
"다양한 정책들을 도민에게 알리려면 홍보가 중요함. 홍보를 전담할 직원을 구성하여 바뀌는 정책들을 홍보하고 실시간으로 소통할 수 있는 플랫폼이 필요.
전담직원 구성하여 홍보교육훈련 및 플랫폼 구성 예산 일괄 확보 필요",.,.,.,.,없음,없습니다
힐링을 만끽할 수 있는 교육훈련,도민이 체감하는 성과는 말그래로 도민이 관심을 가져야 성과를 인식할수있음. 도민이 관심을 가질수있는 정책과 홍보가 필요,.,.,.,직렬없는 무한경쟁과 철저한 성과위주 근평과 인사반영임,"아직도  여직원이여서, 나이가 어려서 남자직원보다 더 분리한 근평을 받은 경우가 있으므로 인맥이나 인맥, 나이나 성별에 대한 근평 순위의 조정은 지향되어야 할것이라고 제안하고 싶다.  "
"플랫폼의 성공적 정착은 다양한 의견들을 빠르게 대응하는데 있음(고성군 밴드의 경우 공무원이 불편해소 양방향 소통 유지)
사업부서인 경우 정책소통플랫폼은 민원창구로 대변될 수 있으므로 답변은 반드시 사무관이나 부서장이 해댜함
그렇지 않으면 직원님들이 일과중 많은 시간은 밴드등 플랫폼을 관리해야하기 때문이며
또한 담당계장이나 부서장이 답변하게되면 융합적인 소통이 될수 있음
따라서 플랫폼 만들것이면 직원님들에게 교육훈련, 지원 이런것하지 말고 실질적인 도움이 되도록 고민하는게 우선임",-,.,.,.,근평만은 제발 순서대로가 아니라 일한만큼 성과를 낸만큼 합시다 ,.
한명의 담당자가 플랫폼을 끌고가면서 입력과 관리할것이 아니라 구성원 모두가 플랫폼 내에서의 관리자 역할을 해야 활성화 될듯합니다,쉽게 접할수 있는 홍보,.,.,.,#NAME?,.
#NAME?,-,.,.,.,연공서열이 아닌 실제 성과를 낸 직원에게 높은 근평이 부여되어야 함,.
"직원에게 인센티브 부여, 관리자는 지시 위주 연공서열 탈피",정책을 많이 홍보해주었으면 좋겠다,.,.,.,"일반행정직 중심 교육훈련훈련 운영이 되는 것 같음, 
실제 기술연구지도직의 교육훈련훈련이 더 필요함.",.
유연한 판단과 과감한 결정을 위한 조직문화 정착과 간부 교육훈련 ,없음,.,.,.,직렬에 맞는 전보·전보·보직으로 인한 부서 업무의 전문성에 기여,.
"정책소통플랫폼을 운영하기 위해선 부서 업무를 잘 알고 있는 직원이 담당하여 각 부서원에게 전파 및 상세내용을 전달해 줄 수 있다고 생각합니다.
그러나 이 업무를 과서무에게 맡긴다면 서무라는 명목하에 많은 업무를 감당하고 있는 현재 상황으로썬 이 업무를 전담으로 할 수 잇는 직원 전보·전보·보직이 필요하다고 생각합니다.",없음,.,.,.,"직원들이 교육훈련훈련에 대한 필요성에 크게 공감하지 못함. 교육훈련을 단순히 쉬는 기간으로 생각하거나, 각종 사이버 강의 등도 승진을 위한 상시학습 성과 채우기 위한 수단일 뿐 실질적인 교육훈련훈련을 통한 직원의 역량개발을 기대하기 힘든 구조이며, 6개월 이상의 장기교육훈련은 그 기회도 한정적임",.
"- 소통플랫폼 운영의 필요성에 대한 공감이 우선되어야 할 것으로 보이며, 새로운 업무부담이 수반되기 때문에 모범적으로 운영되는 부서(직원)에게는 성과에 대한 인센티브(업무추진비 등)가 부여되야 할 것으로 보임",필요한 시간대에 필요한 지식습득을 위한 전문가 풀의 다양화,.,.,.,일부 임기제 책임감 부족,.
업무량 감소,"도민이 체감하는 도정을 하는 것인 경남도청 공무원으로써 당연한 책무입니다.
하지만 공무원이기 이전에 일반 직장인과 동일하기도 합니다.
우선 아이디어를 낼수 있는 적절한 공간의 전보·전보·보직이 필요하며, 딱딱한 조직문화도 개선되어야 할 것이고,
좋은 아이디어 낼 직원에게는 많은 인센티브를 부여하여야 합니다.
공무원이 수동적일 수 밖에 없는 이유중에 하나가 인센티브의 부족입니다.
좋은 정책을 많이 낼 수 있는 분위기를 위하여 우선 인센티브를 강력하게 부여해주십시오",.,.,.,아직까지도 역량 중심의 인사가 되고 있지 않다,.
플랫폼의 접근성이 높아야 되고 이러한 어려운 부분이 없도록 설계해서 교육훈련을 해야 함,해당없음,.,.,.,가장 직접적으로 실감할 수 있는 부분이기 때문에,.
트렌드 관련 교육훈련," 부서의 자율성을 확대하고, 부서에서 생산적인 정책을 만들어 낼수 있는 업무환경 조성이 선행되어야 하겠음.",.,.,.,"임기제 임용 되는 절차가 투명하게 진행되는지, 꼭 필요한 인력인지 궁금합니다.",.
사이버교육훈련보다 대면교육훈련이 더 필요할 것 같습니다.,.,.,.,.,"전보·보직인사와 관련해서..  근평 관리가 좋거나 일이 다소 쉬운 자리로 가고 싶어 하는 직원도 있겠지만, 조직의 긍정적 발전을 위해서는 하고 싶은 사람이 그 일을 하는 것 또한 중요하다고 봅니다.. 즉, 희망전보전보·보직을 우선시 해서 그 일을 책임감 있게 맡겨 보는 조직문화도 중요하다고 생각되어 희망전보전보·보직에 대한 전보전보·전보·보직 제도 개선이 필요하다고 봅니다. ",.
"정책 고객과의 소통이 중요하다는 인식은 되어 있지만, 구체적인 대상 확정과 방식에 대한 이해가 부족하다고 생각.. 모범적 사례에 대한 지속적 공유와 가능한 시나리오 등을 공유해서 직원들의 발상 전환 및 착안 컨셈을 공유하면 좋을 듯 합니다. ",없음,.,.,.,"전보, 근평 등 명확한 기준이 없다고 생각합니다.",.
정책소통플랫폼 사전 홍보 필요,11,.,.,.,"많이 개선되었긴 하지만 연공서열대로 승진하는 경우가 대부분이므로,
업무에 태만하는 경우가 아직 발생하고 있다.",.
취지와 필요성에 대해서 명확하게 알려주는 교육훈련이 필요할 것같습니다.,인적자원과 물적자원의 보충,.,.,.,공평하게 이루어지기 어려운 부분이므로,.
수직적업무구조 탈피,도정을 알릴 수 있는 스시템 개발,.,.,.,전보 시 특정인원이 선호부서·보직에 계속 머무르는 경향이 있는 것 같음,.
직원들이 참여할 수 있도록 홍보수단 마련,행정업무 간소화,.,.,.,서부청사를 없애기가 힘들다면 순환전보·보직을 할수있는 부서를 서부청사에 두면 된다고봅니다.,.
.,도민의 체감 성과는 경제정책과 밀접한 연관이 있을 것으로 판단됩니다. 경기 부양 정책에 대한 관심도를 공략하는것이 가장 중요하다고 판단됨 ,.,.,.,"전보,전보·전보·보직에 대한 구체적인 기준 마련",.
실국별 소통 등 전문부서 필요,도민도 중요하지만 직원들의 사기진작을 위한 방안이 먼저 필요함.,.,.,.,조직의 적체해소와 순환전보·보직으로 인사활력을 줄수 있음,.
부서단위 직원 교육훈련,.,.,.,.,"성과급 결정할 때 소수 직렬을 다수 직렬과 함께 묶어서 근평하는 건 잘못된 방법이라고 생각합니다. 직렬별로(일반직, 연구직 등)나눠서 하지 않으면 기술직렬은 피해를 볼 수 밖에 없습니다. ",.
정책 수요자들과 직원들 간의 소통의 기회가 많이 필요할 거 같습니다. 공청회같은 딱딱하고 다가가기 어려운 느낌이 아닌 쉽게 다가갈 수 있는 방법을 개발하면 좋겠습니다. SNS활용도 좋으나 개인적으로 참여율이 높지 않을 거 같아 문제일 거 같습니다. ,.,.,.,.,없음.,.
없음,.,.,.,.,"공무원 생활을 오래해도 승진이 어려운 부서가 있슴,, 승진자리도 별로 없음.",.
시간적 여유와 알기 쉽고 이용이 쉬운 플랫폼 필요,.,.,.,.,객관적 자료를 바탕으로 한 근평 필요,.
연간 1시간 이상의 집합교육훈련 필요,.,.,.,.,"개인에 대한 근평이 '업무'가 아닌 그 개인이 속한 '부서'로 근평이 이루어지는 경향이 있다 생각하며, 그와는 별개로 소위 선호부서·보직이라 불리는 부서에는 한 번 근무한 사람이 다시 가는 현상이 문제임. 누구에게나 근무할 기회는 공평하게 부여되어야 한다고 생각함.(인사부서에 한 번 간 사람은 다시 못가게 하는 장치가 필요)",.
플랫폼 구성 과정에의 직원들의 참여,.,.,.,.,"업무난이도 및 과중도에 대한 정확한 측정장치도 없이 임의로 주무 부서나 계에 있다고 근평을 잘받는 시스템은 개선이 필요함.
부서장의 주관적인 근평에 의해서만 점수를 매긴다는 것도 개선이 필요함.",.
적극적인 홍보정책 필요,.,.,.,.,#NAME?,.
#NAME?,.,.,.,.,일부 선호부서·보직전보·전보·보직에 특정인들이 반복적으로 전보·전보·보직되어 직원들에게 공정·공평 기회가 제공되지 않고 그에 따른 근평 반영으로 공정·공평 경쟁을 위한 환경이 이루어지지 않고 있음.,.
"플랫폼 운영의 필요성 교육훈련, 지속적인 관리가 가능할 수 있도록 사용의 편의성",.,.,.,.,임기제 채용을 검토할 때 이 자리가 정말 필요한 자리인지 생각해 주셨으면 좋겠습니다.,.
화합하고 소통하는 분위기 형성,.,.,.,.,"근평에 대한 명확하고 분명한 기준 부재
인사권자의 재량권이 큼
",.
"인터넷을 이용한 정책소통플랫폼은 참여 연공서열대가 제한적이고 특정인에게 방향성이 맞춰질 수 있음.
현재도 도에서 운영중인 여러 플랫폼이 있으나 도민의 참여가 제대로 이루어지지 않고있음. 
인터넷의 여러가지 채널을 만드는 것 보다 온. 오프라인. 전화설문조사 등 전계층의 의견을 전체적으로 조사할 수 있는 방법이 필요함...
또한 직원에게 플랫폼 정착을 위한 여러 교육훈련을 시키기보다 직원들이 자발적으로 관심을 가지고 임할 수 있는 환경을 만들어주는 것이 필요함
지금의 상태에서 플랫폼을 구성하고 직원에게 교육훈련까지 시키는 것은 업무만 늘어나는 것임",.,.,.,.,4. 교육훈련훈련 관련 좀 더 실무에 가깝고 효율적인 교육훈련이 도입되었으면 좋겠음.,.
도민이 실질적으로 원하는 것을 파악하기 위한 현장 직접체험 및 그에 따른 교육훈련 등이 필요한 것 같음.,.,.,.,.,"수직적 근평은 조직의 유연성을 해침, 다원근평 필요",.
"조직구조 개선 및 부서간 협업, 수평적인 조직문화",.,.,.,.,무슨 기준으로 어떻게 선발되고 역할이 무엇인지 명확해야 함,.
만들어진 정책에 대한 정확하고 객관적인 근평 필요,.,.,.,.,이미 비싼 월급 받고있는 기존 공무원들의 역량개발 및 활용이 우선적이며 공정하다고 생각하여 개방형직위에 대해서 좋은 점을 모르겠음,.
#NAME?,.,.,.,.,근평이 합리적으로 될수있도록 개선이 필요,.
플랫폼 이용 방법 등 담당자를 위합 업무 매뉴얼 작성 및 안내,.,.,.,.,#NAME?,.
유연한 사고가 가능하도록 조직문화 개선,.,.,.,.,"직원이 가고 싶은자리, 근평이 잘 나오는 자리,  직급 승진의 한계(고시, 여성)- 연공서열이 적은 사람이 일찍 승진하는 경우 인사적채 발생.",.
"다양한 의사전달 역량 교육훈련 필요, 독서 및 영화 관람 지원",.,.,.,.,"동일 업무를 5년이상 담당하고 있는 사례 발생(앞 부서에서 동일업무 2~3년 후, 조직개편으로 타과 이동으로 2~3년 같은 업무 담당)",.
정책소통 플랫폼을 전문으로 관리할 전문가(담당자) 필요,.,.,.,.,임기제 임용제도- 기본적으로 임기제는 직업공무원에 비해 책임성을 담보하기 어려운 구조임,.
적극행정 면책,.,.,.,.,.,.
개인별 맞춤형 교육훈련,.,.,.,.,희망전보전보에 맞춤이 필요함,.
"정책소통 및 알림을 위한 밴드, 블로그 SNS의 올바른 활용법 및 사용 꿀팀 교육훈련 ",.,.,.,.,같은 업무 성과와 같은 업무 기간에도 불구하고 입사 순서에 따른 승진시기의 차이 발생 (풀린 군번과 꼬인 군번으로 표현되는 승진제도) ,.
.,.,.,.,.,.,.
.,.,.,.,.,"교육훈련훈련으로 인한 교육훈련이 형식적으로 시간 채우기에 급급할 뿐,
실질적으로 도움이 된다고 생각되지 않음.",.
플랫폼 구축에 따른 본인이 직접 시행하고 있는 정책 및 사업을 신속하게 알릴 수 있는 방안(기법) 필요,.,.,.,.,"임기제 직원의 전문성 활용도가 다소 떨어지는 점으로, 임기제 직원 채용과정에서 보다 명확한 임무 부여 및 계획서 제출이 필요할 것으로 사료됨",.
간부회의 등 정책결정과정을 청내방송을 통해 공개,.,.,.,.,"승진제도와 관련하여 직렬을 너무 세분화하여 근속이 비슷한 다른 직력은 직급하는데
때에 따라 일부 직렬은 자리가 없어서 진급이 안되는 불균형 해소 필요. 비슷하게 나눠가져야 한다.
공직생활 20년 이상 성실히 했다면 어떤 부서에서 든 중간관리자가 될 수 있을 것으로 보인다.
""같이 가면 멀리가고 혼자가면 빨리간다."" 경남도정은 영원 불멸하게 지속되어야 하기 때문이다.",.
정책의 확실한 이해와 성과에 따른 인센티브 지원,.,.,.,., 대부분 연공서열순으로 성과 결정 ,.
^^,.,.,.,.,^^,.
"정책고객과의 소통방법, 플랫폼 제작, 적극적인 참여 방안 등",.,.,.,.,"ㅇ 본청과 사업소의 업무 밀도는 다를 수 있으나, 개별 업무에 대한 성과와 달성도를 단순 비교하기는 한계가 있음.
  - 현재는 본청 위주의 승진 인사를 하고 있어, 승진 인사에 있어서 사업소 직원들은 상대적으로 뒤쳐지는 경향이 있음.
  - 본청 위주가 아닌 사업소 근무자 중 성과 창출 직원에 대한 승진 기회 부여 방안도 논의가 필요함.
ㅇ 일반임기제(전문 및 시간선택제 제외)의 경우, 5년 또는 계약기간(1~전보제한2년2년) 종료 시, 신분의 불안감 상존
  - 특히 일반임기제 연구사의 경우, 연구 업무의 연속성 유지 차원에서 5년 고용 후, 5년간 재고용 시에는 법령에 정해진 바와 같이
    공고 및 인사위원회 의결을 생략하여 근무기간을 연장해 주는 제도 적극 활용이 필요함.",.
정책소통에 관한 교육훈련 횟수를 늘려야 한다고 생각합니다. ,.,.,.,.,전보 및 전보·전보·보직은 투명하고 공정하게 실시되어야 한다고 생각합니다. ,.
전문가 초빙을 통한 교육훈련,.,.,.,.,"혹 어떤직원은 우리가 말하는 힘든부서 및 담당에 전보·전보·보직되면 인사과에 찾아가서 전보를 희망전보하고 또 다른부서로 이동합니다
하지만 많은 일반직원들은 인사를 받아들이고 또 열심히 일을 합니다 그리고 또 힘든부서로 전보·전보·보직됩니다..",.
"소통플랫폼 관련 영상,편집 등 기술적 부분 교육훈련",.,.,.,.,인사인사교류의 폭을 좀 더 넓히는 것에 찬성합니다.,.
"정책고객에 대한 교육훈련 및 협업시스템, 기존 업무추진과는 다른점(어렵고 느리고 힘이 듦)을 설득하고 쉽게 업무추진할 수 있는 방향 제시",.,.,.,.,"전공, 전보·보직 안되고 인사계 출신은 인사파트로 기획계 출신은 정책기획관실로 전보 전보·보직문제 발생",.
"플랫폼구축와 운영에 대한 노하우 교육훈련, 정보통신분야 스마트기기 운영 교육훈련",.,.,.,.,"휴직을 하였음에도, 승진시 근평에 전혀 영향을 받지 않는것은 휴직을 한번도 사용하지 않은 자에게는 부당한 제도입니다. 평생 공무원생활하면서 개인 가정사, 건강문제, 출산육아 등의 문제는 누구에게나 일어나는 일입니다. 그럼에도 휴직을 하는 사람과 하지않는 사람이 있는데 휴직을 하는 사람에 대한 관용이 너무 많이 베풀어지고 있습니다. 아울러 소수 기술직력의 경우 연공서열에 따른 연공서열대로 승진하는것은 열심히 일하는 직원의 사기를 저하시킵니다.",.
"주요 사업에 한하여 정책소통플랫폼을 작성 운영 해야 한다는 직무교육훈련, 전산교육훈련 실시 필요",.,.,.,.,"소수 직렬의 경우 갈 수 있는 부서가 제한적이라, 직원.상사간 고충 발생시 조직 생활이 어렵기 때문에 복수직 확대를 통해 부서간 이동확대 필요

소수 직렬의 경우 매년 승진 요인이 발생되지 않아, 승진시기를 예측하기 어렵고, 직렬간 승진 편차가 많이 나, 승진이 늦으진 직원은 조직 생활하기 E듬",.
"밴드, 블로그 등 실제로 운영 할 수있는 교육훈련이 필용.",.,.,.,.,임기제를 늘리기 보다는 공무원의 임용을 통한 전문적인 인재 육성,.
정책소통 플랫폼의 필요성,.,.,.,.,인사인사교류 제도를 다변화 하여 타 분야나 타 기관의 좋은 역량을 학습하여 조직에 접목함으로써 우리 조직 발전 도모,.
"간단한 답변으로 끝낼 것을 국민신문고 답변처럼 형식적인 틀과 문구를 사용하여야 하는데 따른 시간낭비와 결재라인이 
신속한 소통을 방해한다고 생각합니다. ",.,.,.,.,노조게시판에 불만사항이 많은 항목입니다.,.
1,.,.,.,.,1,.
플랫폼 게시물 작성을 위한 출장 및 추가금 지급,.,.,.,.,적절한 인사전보·전보·보직,.
"정책소통플랫폼 의미가 너무 어렵습니다. 누구가 쉽게 다가갈 수 있도록 활용하게 만들어야 합니다. 교육훈련은 실제 현장에 맞는 교육훈련이 필요하고 포상, 가점, 해외여행 등 체감하는 인센티브가 있어야 할 것 같습니다.",.,.,.,.,.,.
직원복지 향상과 성과 상여금 인상 등 실제적인 보상이 필요함,.,.,.,.,임기제 없애 주세요. 낙하산 인사나 마찬가지 아닌가요 .,.
#NAME?,.,.,.,.,직렬별 승진 소요연수 차이해소 필요,.
딱딱하고 연공서열적인 상하복명 업무처리가 아닌 실무자와 수요자의 의견이 적극 반영될 수 있도록 인식 개선 교육훈련이 필요,.,.,.,.,각 개인별 성향과 역량에 맞는 전보·보직발령이 필요,.
인재개발원 등 집합교육훈련,.,.,.,.,"승진에 모든 직원들이 관심이 제일 많고, 근평, 전보 등은 승진을 위한 과정으로 이해하는 사람이 많음 ",.
"구성원들의 관심사항 파악, 적시 정보제공 등",.,.,.,.,임기제 구체적 업무 성과 명확화 필요,.
"플랫폼의 의견은 도민 일부의 생각일 뿐인데 그걸 반드시 정책화시킨다던지 하는 것은 조금 위험한 생각인 것 같음
현재 업무에서 추가되는 느낌이 들기때문에 가능한한 지금 있는 제도를 변형해서 활용하는 것이 좋다고 생각함",.,.,.,.,"머리수를 채워주는 인사가 아니고 직원 개개인의 역량을 파악해서 고루 섞어줄 수 있는 전보·전보·보직이 필요함
개인적인 역량이 부족한 경우도 품고 가야하는 것이 우리 조직인데 사업부서에만 신규직원이나 전환직, 장애인, 또는 기피 직원들을 보내는 경우가 많아서 업무추진에 애로가 많음",.
플랫폼 활용을 위한 교육훈련,.,.,.,.,개인이 다양한 분야에서 경험을 쌓는것이 필요하다고 생각하나 현 전보 시스템은 빈자리에 직원들을 넣는 시스템이라고 생각함,.
정책홍보 영상 등을 상시 시청하고 관심있는 사람은 의견도 제시할 수 있는 방안 마련이 되어야 함,.,.,.,.,"전보·전보·보직은 기준은 있으나 예외 적용되는 경우도 있다.
예외가 적용되어야 하는 경우에는 적용조건를 모든사람이 공감할 수 있도록 사전 공개하여 신청 받을 필요가 있음",.
"도민에게 직접 다가가는 플랫폼인만큼 도민들이 어떠한 것을 원하는지 구체적인 정보 공유와
다양한 컨텐츠 제공을 위한 기본적인 플랫폼 활용 역량",.,.,.,.,잘은 모르지만 전보·전보·보직은 흔히들 인맥이라고 합니다. 투명하게 진행되었으면 좋겠습니다.,.
SNS를 통한 부서업무 적극알림 및 민원처리 기능 강화,.,.,.,.,직원들의 역량은 천차만별이지만 대부분 어느정도 수준은 된다고 봄. 어떤 직원은 이 부분이 약하지만 다른 부분이 장점일 수 있음. 인사관리에서 연공서열이 중요한건 아니지만 지나치게 차이가 나지 않는다면 이것도 무시하면 안됨.,.
논술. 토론 중심의 교육훈련,.,.,.,.,승진. 전보시에 예측이 가능하도록 하는 인사 시스템 운영이 필요함. 인사라인 교체에 따라 인사방법이 변화되어서는 안됨.,.
sns이용 교육훈련,.,.,.,.,"직렬제한 및 직렬에 맞는 업무 분장
",.
정책소통을 위한 적절한 소통플랫폼 구축,.,.,.,.,깊이있는 정책을 위해서 교육훈련(인사인사교류)이 필요함 ,.
정책소통플랫폼에 대한 정확하게 이해할수 있는 교육훈련이 필요합니다.,.,.,.,.,성과를 정확히 근평하기 어려운 근평제도를 개선해야 한다고생각합니다.,.
제대로 일하기 위한 인력 지원 필요,.,.,.,.,연공서열 위주 근평과 임기제 공무원과 직원과 업무 차별(위하감 조성),.
정책소통플랫폼 운영 필요성에 대한 공감,.,.,.,.,빈번한 전보로 인한 전문성 부족,.
블로그 등 소통의 장을 만들 수 있는 역량을 기를 수 있도록 외부나 내부 교육훈련강사를 활용한 교육훈련과 블로그 활용 등 업무 추진에 성과를 낸 직원에 대해서는 승진 또는 포상금 등 인센티브 제공,.,.,.,.,"임기제 임용제도로 임기제가 넘쳐 나고 있고, 승진 또한 제멋대로 되고 있어 반드시 개선이 필요함  ",.
최대한 수요자 입장에서 판단할 것과 담당자마다 답변이 다르면 안됨,.,.,.,.,딱히 선택할 것이 없다. 어떤 방식을 취하더라도 불만자는 있기 마련임.,.
"풀랫폼에 제시되는 정책이 도정에 접목 가능한지를 판단할수 있는 분야별 전문성교육훈련과
플랫폼 운용 담당자 지정 ",.,.,.,.,"승진제도 
근평만으로 승진자 결정에는 한계가 있음. 
다면근평(문제점을 보완)제도 시행이 필요",.
정책소통의 필요성에 대한 인식개선교육훈련,.,.,.,.,주무과·주무계 위주의 근평 우선,.
담당업무에 집중할 수 있으면 정책소통플랫폼도까지 잘 이어질 것 같습니다.,.,.,.,.,정원표 복수직 너무 많은듯해요,.
소통성과 가점 부여,.,.,.,.,"업무추진 노력, 업무량, 성과 여부에 관계없이 연공서열 및 주무과·주무과·주무계 주무과·주무계 우선 근평하는 경향",.
인센티브 부여 ,.,.,.,.,교육훈련 훈련을 통한 지속적인 자기 관리가 도민 행정 서비스를 실현,.
"정책분야별 고객참여 우수 사례 교육훈련을 통한 마인드 개선
업무별 고객참여 방식 등 기술적인 부분 교육훈련",.,.,.,.,"주무과·주무과·주무계 주무과·주무계에 있어야 보다 승진에 유리한 제도가 아니라
어느 부서에서도 승진의 기회가 주어지는 방식을 채택하면 좋겠음",.
부서 이기주의 탈피(민원 편의 위주),.,.,.,.,"사업부서의 인원을 늘리고, 지원부서의 인원을 줄이는 것",.
"부서, 담당 내 갑질근절",.,.,.,.,"여성들은 출산 등으로 근평에서 밀리고 짧은 육아휴직조차도 근평에 불리하게 작용함
출산이 우리의 미래인데도 도는 거기 응당하는 보상이 전혀 없다고 보여짐
 ",.
홍보,.,.,.,.,보다 객관적일 필요가 있다고 생각하여서,.
"SNS활용과정, 동영상 및 사진 촬영 편집과정",.,.,.,.,"승진소요기간에 있어서 직렬간 편차가 많으며, 승진심사시 직전 업무에 대한 근평 비중이 높아 공정·공평 승진심사가 되지 못함.",.
정책 수립 관련 절차의 간소화,.,.,.,.,공정·공평 필요,.
현장 중심의 교육훈련,.,.,.,.,인재개발원을 좋은 환경으로 이전하여 교육훈련생들이 생각할수 있는 여유 공간이 필요 ,.
익명게시판 활용,.,.,.,.,"기피, 기피·격무부서 업무경험이자 재전보·전보·보직은 지양되어야 함.",.
부서 인력 충원 필요,.,.,.,.,조직에 대한 소명감 향상을 위해 인사적체로 인한 승진 인맥에 대한 예측과 대책 필요,.
.,.,.,.,.,.,.
"자유로운 의사소통..
일방적인 상하 통보가 아닌",.,.,.,.,"개개인의 역량보다는...연공서열대로 인사가 이루어지는 것이 문제라고 생각됨
개개인의 역량을 자유롭게 펼칠수 있는 기회가 많았으면 좋겠음",.
"모든 직원들에게 정책소통의 중요성을 인식시키는 교육훈련이 필요함.
",.,.,.,.,전보를 위한 시스템 구축이 필요함,.
주기적이고 지속적인 교육훈련,.,.,.,.,없음,.
"ㅇ 교육훈련 : 필요성, 목적, 성공사례, 시스템 사용법
ㅇ 지원 : 인센티브(국외여행)",.,.,.,.,"많은 부서에서는 성과 및 노력 위주로 근평 평정이 이루어지고 있으나 일부에서는 여전히 성과보다는 개인적 친밀도, 오랜 연공서열 만을 이유로 들어 높은 고과를 주고 있습니다. 
",.
접근이 용이한 플랫폼 개발과 익명의 의견제시,.,.,.,.,특수분야 임기제공무원  채용시 5년초과하여 5년이내 연장할수 있는 자체규정 마련하여 임기제 공무원의 신분불안 해소,.
"홍보 기획, 홍보 방식 , sns 운영 방법 등",.,.,.,.,특정 부서 위주로 전보·전보·보직 받아 우선 승진 제도 없어졌으면 함,.
업무과부하가 되지 않도록 과도한 자료 요구 금지 등,.,.,.,.,"직렬 간 불평등해소 (승진, 근무 가능한 부서) ",.
"직장내 상하간, 동료간 소통 방법(플랫폼 활용 방법 포함) 등에 대한 정기적인 교육훈련(강의 등)필요 ",.,.,.,.,"인사, 예산, 감사, 기획 등 주요전보·보직은 전체연공서열에서 총 2회로 제한(왕후장상영유종호,  자리가 사람 만든다)
* 회전문, 끼리끼리 전보 또는 승진인사로 직원 사기 및 직장분위기 저하, 조직전체 악영향  ",.
.,.,.,.,.,.,.
정책소통플랫폼의 구체적인 내용과 직원들이 해야하는 구체적인 부분을 명확하게 인식시킬수있는 교육훈련이 필요함. ,.,.,.,.,보다 투명 인사관리가 필요하고 전보에 대해서도 명확한 기준에 따른 전보가 이루어져야함. 어떨때는 기준을 적용하고 어떨때는 기준을 벗어나는 경우가 많음,.
 -,.,.,.,.,투명 재고를 위한 근평 공개 및 이의신청이 자유로워져야함.,.
정책 업무이해와 모바일 참여방법교육훈련지원,.,.,.,.,개인의 역량과 성과만큼 인사반영,.
행정선진국들의 밴치마킹,.,.,.,.,본청위주의 승진제도,.
#NAME?,.,.,.,.,역량강화의 다양한 교육훈련 기회 필요,.
정책소통 홍보 교육훈련,.,.,.,.,교육훈련훈련을 사이버로 해 주었으면 좋겠습니다.,.
정책제공 서비스 마인드 교육훈련,.,.,.,.,인사인사교류 확대로 다양한 인재 개발,.
네,.,.,.,.,없음,.
직원의 역량이 우선시 되어야 하므로 정책에 대한 기초지식(신지식)의 습득과 훈련 프로그램의 준비,.,.,.,.,근평의 객관성,.
.,.,.,.,.,"공직에 있으면서 각자 주어진 업무를 맡을 뿐인데 근평을 근평한다는 것 자체부터가 잘못되었다고 생각, 그것도 역량에 따른 근평도 아니고 업무가 비슷해도 인맥,인맥에 의해 전보, 승진되며, 서열, 나이 중심으로 근평되는 것은 부적절함",.
"말씀하시는 육은 한두번으로 끝내야합니다.지속적인 교육훈련실시는 단순 의무감으로 작용하여 직원 부담으로 작용합니다.
정책소통플랫폼 실시이전에 직원간 소통부터 해결해야할 것입니다.
그러하기 위해서는 직원간 자유로운 토론으로 좋은 의견을 낼 수 있는 기회를 제공해야하며, 
좋은 정책 제공 시 담당별 직원 인센티브가 강력하게 주어져야 할 것입니다. 
인센티브 없는 정책은 직원들을 수동적으로 이끌것입니다. ",.,.,.,.,"인사인사교류의 경우 다양한 직렬이 나갈 수 있도록 직렬의 다양성이 필요함. 
근무평점시 열씨미 일하는 직원이 보람이 느낄수 있는 방향으로 좀 더 개선이 필요함. 
주무과·주무계가 아닌 직원들이 기피·기피·격무부서위주로 근평이 주어져야함.
(도로과 등 사업부서 기피현상 발생으로 연공서열짧은 직원위주로 전보·전보·보직 업무공백 발생, 근평이 높은 도시과의 경우 연공서열들이 주로 들어가려고 함)",.
직원들부터 제도적 공감을 이끌어 낼 수 있도록 충분한 홍보,.,.,.,.,기존 직원들의 상실감,.
혁신업무,.,.,.,.,"성과급 제도 다시 검토사항임 

",.
" 기존 업무를 하는 직원들이 소통결과를 반영한 새로운 업무를 할수 있는 시간이 부족하므로, 전문관 제도의 파격적 가점(해봐야 시간만 뺏긴다면 소극적일수밖에 없음) 또는 국단위 전담 추가인력을 고용하여 충분한 시간을 가지고 실국내 조정 및 도민소통을 하는 것이 필요하겠음. 별도 조직구성은 기존 현안부서의 시간만 빼앗는 조직으로 전락하게 될 우려가 있으므로 부정적 영향을 줄 것임",.,.,.,.," 워크샵 세미나 등 과 서무의 수기입력 대신 자동 등록하도록 시스템 개선 필요
 
 교육훈련시간이 부족한 직원이 본인이 알아서 교육훈련시간을 맞추지 않고, 개인에게 부족하니 교육훈련을 가도록 
 공문을 인사과에서 보내면 눈치보고 교육훈련 안가도 되겠음.",.
"내가 도민들에게 직접 정책에 대해 홍보한다는 마음으로 능동적으로 참여할 수 있는, 마인드에 대한 교육훈련 및 (부득이하게 따르는)인센티브 지원이 필요하다고 생각함",.,.,.,.,"가장 직원들의 불만이 높은 제도이기 때문이며, 이 불만은 합리적이고 객관적인 공정·공평에 우선하여, 본인에게 불리한 부분에 대한 불만을 표출하게됨. 예를 들어 전보같은 경우에, 선호부서·보직 발령에 대한 불만이 있다면, 개개인이 선호부서·보직에 가고싶으나 못가는것이 불만일테고, 선호부서·보직에 가고싶은 이유는 근평때문임. 이런 경우는 전보와 근평제도의 관습적인 부분에 대한 제도적 개선을 통해 선호부서·보직이라는 개념에서 탈피해야한다고 생각함.",.
.,.,.,.,.,"평소에 열심히 일한 공무원이 반드시 근평에서도 우대반영되는 근평제도가 확립되어야 함.
연공서열 순서로 평정하는 제도는 근절되어야 함.",.
플랫폼 사용법 등,.,.,.,.,"행정의 전문성을 위해 6개월 또는 1년 근무 후 잦은 선호전보·보직으로 이동하는 것 보다 선호전보·보직이 아니라도 승진 기회보장 등

장기근무를 유도할 수 있도록 제도 개선 필요  ",.
11,.,.,.,.,전문성을 고려하여 업무의 능률성 부합,.
"현장중심의 실무업무와 경험이 필요함
현재는 지시업무 및 업무보고 자료 및 제출자료 작성 등 과부하로 본연의 업무는 할 여력이 없음",.,.,.,.,승진제도,.
플랫폼 구성 및 사용에 관한 교육훈련,.,.,.,.,근평제도(근평),.
직장에서 받는 스트레스를 털어냄과 살 여유를 가질 수 있는 교육훈련 발굴 ,.,.,.,.,"성과급 선정 위원회 개최시 특정 직렬(직렬)의 과도한 인원 제한하고 다양한 직렬과 인원 비례하여 함께 참여할수 있도록 제도적의 보완 필요,
직렬 구분 근평실시로 합리적이고 객관적 근평으로 불이익 해소",.
블로그나 SNS등을 활용할도록 스마트폰 교육훈련이 필요합니다,.,.,.,.,사무직 근무자와 현장 근무자의 근평 공정·공평을 고려했으면 함 ,.
필요성과 방법에 대한 교육훈련 필요,.,.,.,.,정확한 기준 설정없이 연공서열에 의한 성과급은 직원 사기 진작에 악영향을 줌,.
당면하고 있는 업무가 과다하여 정책소통까지 할 여유가 없으므로 내부적인 업무개선이 먼저라고 생각함,.,.,.,.,업무마다 성격이 다르므로 객관적인 근평이 어려움,.
플랫폼에 대한 교육훈련,.,.,.,.,근평제도 와 성과급에는 부서장의 주관적의견이 들어가기 때문에 불이익을 당할 수 있습니다. 공정·공평 심사 도입이 필요,.
"직원들의 소통플랫폼을 먼저 시행해 본 후 적용하는것이 필요함 
직원들도 성공적으로 운영되지 않는 정책소통플랫폼은 도민에게도 실패 하는 정책이 될수 있음
",.,.,.,.,조직활성화를 위한 인사 적체 실태의 해소 방안으로 담당이상의 복수 인사 제도 적극활용 필요,.
부성장의 관심하에 직원교육훈련 실시,.,.,.,.,"불필요한 전보는 자제했으면 합니다.
일부 직원의 요청으로 이루어지는 전보는 지양되길 바랍니다.",.
